index,col_points,diameter [cm],radius [m],frequency [GHz],distance [mm],sPDn_pln [W/m2],sPDn_sph [W/m2]
0,3.0,13.8987,0.0694935,2.4,2.5,5.692901980400289,6.209768516987054
1,3.0,13.8987,0.0694935,2.4,5.0,4.346883971284909,4.544336504482245
2,3.0,13.8987,0.0694935,2.4,10.0,2.5188832913401797,2.527438666169157
3,3.0,13.8987,0.0694935,2.4,50.0,0.2146050863214159,0.21262278171530585
4,3.0,13.8987,0.0694935,2.4,150.0,0.02565940592648469,0.0254767585563788
5,3.0,13.8987,0.0694935,3.0,2.5,5.735936783075744,6.26864802731095
6,3.0,13.8987,0.0694935,3.0,5.0,4.415541563246041,4.623775462021168
7,3.0,13.8987,0.0694935,3.0,10.0,2.5914454978556156,2.604453997821693
8,3.0,13.8987,0.0694935,3.0,50.0,0.21806740411289252,0.21620822259379424
9,3.0,13.8987,0.0694935,3.0,150.0,0.025722218911750288,0.02554033782106159
10,3.0,13.8987,0.0694935,3.5,2.5,5.795417967533194,6.347014563027745
11,3.0,13.8987,0.0694935,3.5,5.0,4.499807177530968,4.718239027171569
12,3.0,13.8987,0.0694935,3.5,10.0,2.660114848679723,2.676452473342267
13,3.0,13.8987,0.0694935,3.5,50.0,0.2198996504019023,0.21810927100688474
14,3.0,13.8987,0.0694935,3.5,150.0,0.02575231042095709,0.025570800903325166
15,3.0,13.8987,0.0694935,5.0,2.5,6.268289467782328,6.8649634969728
16,3.0,13.8987,0.0694935,5.0,5.0,4.895989004818833,5.127715340651665
17,3.0,13.8987,0.0694935,5.0,10.0,2.8544968458757185,2.8780985031261848
18,3.0,13.8987,0.0694935,5.0,50.0,0.2227419883085661,0.22106336616481762
19,3.0,13.8987,0.0694935,5.0,150.0,0.025795336150182775,0.02561436211816732
20,3.0,13.8987,0.0694935,6.0,2.5,6.846309000250922,7.38470314705092
21,3.0,13.8987,0.0694935,6.0,5.0,5.168362926012456,5.398631416153858
22,3.0,13.8987,0.0694935,6.0,10.0,2.9482413313459217,2.9761921525949577
23,3.0,13.8987,0.0694935,6.0,50.0,0.22363906376972298,0.22199698411180133
24,3.0,13.8987,0.0694935,6.0,150.0,0.025808084949470577,0.025627270291470373
25,3.0,13.8987,0.0694935,10.0,2.5,7.609350046624173,8.272728441593562
26,3.0,13.8987,0.0694935,10.0,5.0,5.631271104870448,5.912221326404812
27,3.0,13.8987,0.0694935,10.0,10.0,3.119320593403164,3.1615395037309564
28,3.0,13.8987,0.0694935,10.0,50.0,0.22499934066436292,0.22341385841588277
29,3.0,13.8987,0.0694935,10.0,150.0,0.025826723872263622,0.02564614408073348
30,3.0,15.2,0.076,2.4,2.5,5.692901980400289,6.169771995263042
31,3.0,15.2,0.076,2.4,5.0,4.346883971284909,4.531037627972502
32,3.0,15.2,0.076,2.4,10.0,2.5188832913401797,2.5284158530880934
33,3.0,15.2,0.076,2.4,50.0,0.2146050863214159,0.21290926529868393
34,3.0,15.2,0.076,2.4,150.0,0.02565940592648469,0.02550641688732554
35,3.0,15.2,0.076,3.0,2.5,5.735936783075744,6.227354788803435
36,3.0,15.2,0.076,3.0,5.0,4.415541563246041,4.609645035548424
37,3.0,15.2,0.076,3.0,10.0,2.5914454978556156,2.6051205975691083
38,3.0,15.2,0.076,3.0,50.0,0.21806740411289252,0.21648672440074865
39,3.0,15.2,0.076,3.0,150.0,0.025722218911750288,0.025569966975194033
40,3.0,15.2,0.076,3.5,2.5,5.795417967533194,6.304250098485251
41,3.0,15.2,0.076,3.5,5.0,4.499807177530968,4.703373303278697
42,3.0,15.2,0.076,3.5,10.0,2.660114848679723,2.6769042564128345
43,3.0,15.2,0.076,3.5,50.0,0.2198996504019023,0.21838328080735234
44,3.0,15.2,0.076,3.5,150.0,0.02575231042095709,0.025600416317625448
45,3.0,15.2,0.076,5.0,2.5,6.268289467782328,6.819506183668798
46,3.0,15.2,0.076,5.0,5.0,4.895989004818833,5.112181497506191
47,3.0,15.2,0.076,5.0,10.0,2.8544968458757185,2.8781227839670187
48,3.0,15.2,0.076,5.0,50.0,0.2227419883085661,0.22133003143298133
49,3.0,15.2,0.076,5.0,150.0,0.025795336150182775,0.02564395634985634
50,3.0,15.2,0.076,6.0,2.5,6.846309000250922,7.343469914122371
51,3.0,15.2,0.076,6.0,5.0,5.168362926012456,5.383358385434394
52,3.0,15.2,0.076,6.0,10.0,2.9482413313459217,2.975941520615408
53,3.0,15.2,0.076,6.0,50.0,0.22363906376972298,0.2222612357184135
54,3.0,15.2,0.076,6.0,150.0,0.025808084949470577,0.025656858697023534
55,3.0,15.2,0.076,10.0,2.5,7.609350046624173,8.222600735884367
56,3.0,15.2,0.076,10.0,5.0,5.631271104870448,5.893228607078332
57,3.0,15.2,0.076,10.0,10.0,3.119320593403164,3.1602738969954336
58,3.0,15.2,0.076,10.0,50.0,0.22499934066436292,0.22367436982605252
59,3.0,15.2,0.076,10.0,150.0,0.025826723872263622,0.025675723043064962
60,3.0,16.5013,0.0825065,2.4,2.5,5.692901980400289,6.1354481173346835
61,3.0,16.5013,0.0825065,2.4,5.0,4.346883971284909,4.51931626690958
62,3.0,16.5013,0.0825065,2.4,10.0,2.5188832913401797,2.528996491272625
63,3.0,16.5013,0.0825065,2.4,50.0,0.2146050863214159,0.21313362054315907
64,3.0,16.5013,0.0825065,2.4,150.0,0.02565940592648469,0.025529350401416025
65,3.0,16.5013,0.0825065,3.0,2.5,5.735936783075744,6.191929092863838
66,3.0,16.5013,0.0825065,3.0,5.0,4.415541563246041,4.597209890480961
67,3.0,16.5013,0.0825065,3.0,10.0,2.5914454978556156,2.6054294455017804
68,3.0,16.5013,0.0825065,3.0,50.0,0.21806740411289252,0.21670399284551659
69,3.0,16.5013,0.0825065,3.0,150.0,0.025722218911750288,0.025592870539300375
70,3.0,16.5013,0.0825065,3.5,2.5,5.795417967533194,6.267563232727279
71,3.0,16.5013,0.0825065,3.5,5.0,4.499807177530968,4.69029873441022
72,3.0,16.5013,0.0825065,3.5,10.0,2.660114848679723,2.6770223589358304
73,3.0,16.5013,0.0825065,3.5,50.0,0.2198996504019023,0.21859656546375952
74,3.0,16.5013,0.0825065,3.5,150.0,0.02575231042095709,0.0256233052879166
75,3.0,16.5013,0.0825065,5.0,2.5,6.268289467782328,6.780396813803017
76,3.0,16.5013,0.0825065,5.0,5.0,4.895989004818833,5.09847971467313
77,3.0,16.5013,0.0825065,5.0,10.0,2.8544968458757185,2.8778537331508396
78,3.0,16.5013,0.0825065,5.0,50.0,0.2227419883085661,0.22153681291627508
79,3.0,16.5013,0.0825065,5.0,150.0,0.025795336150182775,0.025666824448457054
80,3.0,16.5013,0.0825065,6.0,2.5,6.846309000250922,7.308003172717321
81,3.0,16.5013,0.0825065,6.0,5.0,5.168362926012456,5.369856246248031
82,3.0,16.5013,0.0825065,6.0,10.0,2.9482413313459217,2.9754274046830034
83,3.0,16.5013,0.0825065,6.0,50.0,0.22363906376972298,0.22246588335731757
84,3.0,16.5013,0.0825065,6.0,150.0,0.025808084949470577,0.02567972042000419
85,3.0,16.5013,0.0825065,10.0,2.5,7.609350046624173,8.179403164632184
86,3.0,16.5013,0.0825065,10.0,5.0,5.631271104870448,5.876506235008536
87,3.0,16.5013,0.0825065,10.0,10.0,3.119320593403164,3.158875650756306
88,3.0,16.5013,0.0825065,10.0,50.0,0.22499934066436292,0.22387570066069884
89,3.0,16.5013,0.0825065,10.0,150.0,0.025826723872263622,0.025698574706421323
90,5.0,13.6776,0.068388,2.4,2.5,5.692901980400289,6.217227906091524
91,5.0,13.6776,0.068388,2.4,5.0,4.346883971284909,4.546772554096833
92,5.0,13.6776,0.068388,2.4,10.0,2.5188832913401797,2.5272191676503906
93,5.0,13.6776,0.068388,2.4,50.0,0.2146050863214159,0.21256623195184557
94,5.0,13.6776,0.068388,2.4,150.0,0.02565940592648469,0.02547086056735607
95,5.0,13.6776,0.068388,3.0,2.5,5.735936783075744,6.276350925114232
96,5.0,13.6776,0.068388,3.0,5.0,4.415541563246041,4.6263663953407885
97,5.0,13.6776,0.068388,3.0,10.0,2.5914454978556156,2.6042917144297753
98,5.0,13.6776,0.068388,3.0,50.0,0.21806740411289252,0.21615312472237505
99,5.0,13.6776,0.068388,3.0,150.0,0.025722218911750288,0.025534444723942055
100,5.0,13.6776,0.068388,3.5,2.5,5.795417967533194,6.354991885086678
101,5.0,13.6776,0.068388,3.5,5.0,4.499807177530968,4.720966138740309
102,5.0,13.6776,0.068388,3.5,10.0,2.660114848679723,2.676329347847315
103,5.0,13.6776,0.068388,3.5,50.0,0.2198996504019023,0.21805499318084184
104,5.0,13.6776,0.068388,3.5,150.0,0.02575231042095709,0.025564910052342026
105,5.0,13.6776,0.068388,5.0,2.5,6.268289467782328,6.873427466326914
106,5.0,13.6776,0.068388,5.0,5.0,4.895989004818833,5.130559211128824
107,5.0,13.6776,0.068388,5.0,10.0,2.8544968458757185,2.878052226477786
108,5.0,13.6776,0.068388,5.0,50.0,0.2227419883085661,0.22101042844037172
109,5.0,13.6776,0.068388,5.0,150.0,0.025795336150182775,0.025608474565719384
110,5.0,13.6776,0.068388,6.0,2.5,6.846309000250922,7.392381299406319
111,5.0,13.6776,0.068388,6.0,5.0,5.168362926012456,5.401423196178818
112,5.0,13.6776,0.068388,6.0,10.0,2.9482413313459217,2.976195749063165
113,5.0,13.6776,0.068388,6.0,50.0,0.22363906376972298,0.22194449089937243
114,5.0,13.6776,0.068388,6.0,150.0,0.025808084949470577,0.025621384030420784
115,5.0,13.6776,0.068388,10.0,2.5,7.609350046624173,8.282051759836456
116,5.0,13.6776,0.068388,10.0,5.0,5.631271104870448,5.91570290798802
117,5.0,13.6776,0.068388,10.0,10.0,3.119320593403164,3.161730609396318
118,5.0,13.6776,0.068388,10.0,50.0,0.22499934066436292,0.22336204837318382
119,5.0,13.6776,0.068388,10.0,150.0,0.025826723872263622,0.025640259025739114
120,5.0,14.2954,0.071477,2.4,2.5,5.692901980400289,6.196894418221459
121,5.0,14.2954,0.071477,2.4,5.0,4.346883971284909,4.540099275813597
122,5.0,14.2954,0.071477,2.4,10.0,2.5188832913401797,2.5277895461918427
123,5.0,14.2954,0.071477,2.4,50.0,0.2146050863214159,0.2127180317796819
124,5.0,14.2954,0.071477,2.4,150.0,0.02565940592648469,0.02548666094634535
125,5.0,14.2954,0.071477,3.0,2.5,5.735936783075744,6.255354927634912
126,5.0,14.2954,0.071477,3.0,5.0,4.415541563246041,4.619270539272067
127,5.0,14.2954,0.071477,3.0,10.0,2.5914454978556156,2.604705649385035
128,5.0,14.2954,0.071477,3.0,50.0,0.21806740411289252,0.21630093630123187
129,5.0,14.2954,0.071477,3.0,150.0,0.025722218911750288,0.025550231883948726
130,5.0,14.2954,0.071477,3.5,2.5,5.795417967533194,6.333247715352581
131,5.0,14.2954,0.071477,3.5,5.0,4.499807177530968,4.713498646636274
132,5.0,14.2954,0.071477,3.5,10.0,2.660114848679723,2.676635947260806
133,5.0,14.2954,0.071477,3.5,50.0,0.2198996504019023,0.21820055924803355
134,5.0,14.2954,0.071477,3.5,150.0,0.02575231042095709,0.025580690968714945
135,5.0,14.2954,0.071477,5.0,2.5,6.268289467782328,6.850345157403851
136,5.0,14.2954,0.071477,5.0,5.0,4.895989004818833,5.122767342411679
137,5.0,14.2954,0.071477,5.0,10.0,2.8544968458757185,2.878147214202828
138,5.0,14.2954,0.071477,5.0,50.0,0.2227419883085661,0.22115231911342914
139,5.0,14.2954,0.071477,5.0,150.0,0.025795336150182775,0.02562424588032449
140,5.0,14.2954,0.071477,6.0,2.5,6.846309000250922,7.371442961183816
141,5.0,14.2954,0.071477,6.0,5.0,5.168362926012456,5.3937708224128285
142,5.0,14.2954,0.071477,6.0,10.0,2.9482413313459217,2.9761535821216927
143,5.0,14.2954,0.071477,6.0,50.0,0.22363906376972298,0.22208516840742348
144,5.0,14.2954,0.071477,6.0,150.0,0.025808084949470577,0.025637152750620073
145,5.0,14.2954,0.071477,10.0,2.5,7.609350046624173,8.256618066890073
146,5.0,14.2954,0.071477,10.0,5.0,5.631271104870448,5.906167326758429
147,5.0,14.2954,0.071477,10.0,10.0,3.119320593403164,3.1611760253410237
148,5.0,14.2954,0.071477,10.0,50.0,0.22499934066436292,0.22350085153261637
149,5.0,14.2954,0.071477,10.0,150.0,0.025826723872263622,0.025656022660191197
150,5.0,15.2,0.076,2.4,2.5,5.692901980400289,6.169771995263042
151,5.0,15.2,0.076,2.4,5.0,4.346883971284909,4.531037627972502
152,5.0,15.2,0.076,2.4,10.0,2.5188832913401797,2.5284158530880934
153,5.0,15.2,0.076,2.4,50.0,0.2146050863214159,0.21290926529868393
154,5.0,15.2,0.076,2.4,150.0,0.02565940592648469,0.02550641688732554
155,5.0,15.2,0.076,3.0,2.5,5.735936783075744,6.227354788803435
156,5.0,15.2,0.076,3.0,5.0,4.415541563246041,4.609645035548424
157,5.0,15.2,0.076,3.0,10.0,2.5914454978556156,2.6051205975691083
158,5.0,15.2,0.076,3.0,50.0,0.21806740411289252,0.21648672440074865
159,5.0,15.2,0.076,3.0,150.0,0.025722218911750288,0.025569966975194033
160,5.0,15.2,0.076,3.5,2.5,5.795417967533194,6.304250098485251
161,5.0,15.2,0.076,3.5,5.0,4.499807177530968,4.703373303278697
162,5.0,15.2,0.076,3.5,10.0,2.660114848679723,2.6769042564128345
163,5.0,15.2,0.076,3.5,50.0,0.2198996504019023,0.21838328080735234
164,5.0,15.2,0.076,3.5,150.0,0.02575231042095709,0.025600416317625448
165,5.0,15.2,0.076,5.0,2.5,6.268289467782328,6.819506183668798
166,5.0,15.2,0.076,5.0,5.0,4.895989004818833,5.112181497506191
167,5.0,15.2,0.076,5.0,10.0,2.8544968458757185,2.8781227839670187
168,5.0,15.2,0.076,5.0,50.0,0.2227419883085661,0.22133003143298133
169,5.0,15.2,0.076,5.0,150.0,0.025795336150182775,0.02564395634985634
170,5.0,15.2,0.076,6.0,2.5,6.846309000250922,7.343469914122371
171,5.0,15.2,0.076,6.0,5.0,5.168362926012456,5.383358385434394
172,5.0,15.2,0.076,6.0,10.0,2.9482413313459217,2.975941520615408
173,5.0,15.2,0.076,6.0,50.0,0.22363906376972298,0.2222612357184135
174,5.0,15.2,0.076,6.0,150.0,0.025808084949470577,0.025656858697023534
175,5.0,15.2,0.076,10.0,2.5,7.609350046624173,8.222600735884367
176,5.0,15.2,0.076,10.0,5.0,5.631271104870448,5.893228607078332
177,5.0,15.2,0.076,10.0,10.0,3.119320593403164,3.1602738969954336
178,5.0,15.2,0.076,10.0,50.0,0.22499934066436292,0.22367436982605252
179,5.0,15.2,0.076,10.0,150.0,0.025826723872263622,0.025675723043064962
180,5.0,16.1046,0.08052300000000001,2.4,2.5,5.692901980400289,6.145383149452016
181,5.0,16.1046,0.08052300000000001,2.4,5.0,4.346883971284909,4.522737551037444
182,5.0,16.1046,0.08052300000000001,2.4,10.0,2.5188832913401797,2.5288522354787424
183,5.0,16.1046,0.08052300000000001,2.4,50.0,0.2146050863214159,0.21307064875104711
184,5.0,16.1046,0.08052300000000001,2.4,150.0,0.02565940592648469,0.025522943714694758
185,5.0,16.1046,0.08052300000000001,3.0,2.5,5.735936783075744,6.202182393437352
186,5.0,16.1046,0.08052300000000001,3.0,5.0,4.415541563246041,4.600837803068481
187,5.0,16.1046,0.08052300000000001,3.0,10.0,2.5914454978556156,2.6053643915185485
188,5.0,16.1046,0.08052300000000001,3.0,50.0,0.21806740411289252,0.21664309805912915
189,5.0,16.1046,0.08052300000000001,3.0,150.0,0.025722218911750288,0.02558647307769662
190,5.0,16.1046,0.08052300000000001,3.5,2.5,5.795417967533194,6.278181232369772
191,5.0,16.1046,0.08052300000000001,3.5,5.0,4.499807177530968,4.69411251815314
192,5.0,16.1046,0.08052300000000001,3.5,10.0,2.660114848679723,2.677013045391095
193,5.0,16.1046,0.08052300000000001,3.5,50.0,0.2198996504019023,0.2185368347741468
194,5.0,16.1046,0.08052300000000001,3.5,150.0,0.02575231042095709,0.025616912261245156
195,5.0,16.1046,0.08052300000000001,5.0,2.5,6.268289467782328,6.791726485136536
196,5.0,16.1046,0.08052300000000001,5.0,5.0,4.895989004818833,5.102480061010622
197,5.0,16.1046,0.08052300000000001,5.0,10.0,2.8544968458757185,2.877958384229549
198,5.0,16.1046,0.08052300000000001,5.0,50.0,0.2227419883085661,0.2214789798235868
199,5.0,16.1046,0.08052300000000001,5.0,150.0,0.025795336150182775,0.02566043761088062
200,5.0,16.1046,0.08052300000000001,6.0,2.5,6.846309000250922,7.318276559108017
201,5.0,16.1046,0.08052300000000001,6.0,5.0,5.168362926012456,5.3738009299613525
202,5.0,16.1046,0.08052300000000001,6.0,10.0,2.9482413313459217,2.9756039062286095
203,5.0,16.1046,0.08052300000000001,6.0,50.0,0.22363906376972298,0.22240867829413105
204,5.0,16.1046,0.08052300000000001,6.0,150.0,0.025808084949470577,0.025673335131451577
205,5.0,16.1046,0.08052300000000001,10.0,2.5,7.609350046624173,8.191923775330638
206,5.0,16.1046,0.08052300000000001,10.0,5.0,5.631271104870448,5.881385834247623
207,5.0,16.1046,0.08052300000000001,10.0,10.0,3.119320593403164,3.159309273347768
208,5.0,16.1046,0.08052300000000001,10.0,50.0,0.22499934066436292,0.2238194635074639
209,5.0,16.1046,0.08052300000000001,10.0,150.0,0.025826723872263622,0.02569219275747605
210,5.0,16.7224,0.083612,2.4,2.5,5.692901980400289,6.13009575955099
211,5.0,16.7224,0.083612,2.4,5.0,4.346883971284909,4.517463641300365
212,5.0,16.7224,0.083612,2.4,10.0,2.5188832913401797,2.5290663937870663
213,5.0,16.7224,0.083612,2.4,50.0,0.2146050863214159,0.2131668912462221
214,5.0,16.7224,0.083612,2.4,150.0,0.02565940592648469,0.025532725588835733
215,5.0,16.7224,0.083612,3.0,2.5,5.735936783075744,6.1864059149493515
216,5.0,16.7224,0.083612,3.0,5.0,4.415541563246041,4.595245849887808
217,5.0,16.7224,0.083612,3.0,10.0,2.5914454978556156,2.605456523568846
218,5.0,16.7224,0.083612,3.0,50.0,0.21806740411289252,0.21673614068582522
219,5.0,16.7224,0.083612,3.0,150.0,0.025722218911750288,0.025596241108092447
220,5.0,16.7224,0.083612,3.5,2.5,5.795417967533194,6.261843183855422
221,5.0,16.7224,0.083612,3.5,5.0,4.499807177530968,4.688234395441532
222,5.0,16.7224,0.083612,3.5,10.0,2.660114848679723,2.6770191375383035
223,5.0,16.7224,0.083612,3.5,50.0,0.2198996504019023,0.21862807930703895
224,5.0,16.7224,0.083612,3.5,150.0,0.02575231042095709,0.025626672980369317
225,5.0,16.7224,0.083612,5.0,2.5,6.268289467782328,6.774289932063591
226,5.0,16.7224,0.083612,5.0,5.0,4.895989004818833,5.096313138935157
227,5.0,16.7224,0.083612,5.0,10.0,2.8544968458757185,2.8777884629106034
228,5.0,16.7224,0.083612,5.0,50.0,0.2227419883085661,0.2215672969416275
229,5.0,16.7224,0.083612,5.0,150.0,0.025795336150182775,0.025670188428395205
230,5.0,16.7224,0.083612,6.0,2.5,6.846309000250922,7.302466128214279
231,5.0,16.7224,0.083612,6.0,5.0,5.168362926012456,5.3677190351369966
232,5.0,16.7224,0.083612,6.0,10.0,2.9482413313459217,2.9753232197111394
233,5.0,16.7224,0.083612,6.0,50.0,0.22363906376972298,0.2224960318495061
234,5.0,16.7224,0.083612,6.0,150.0,0.025808084949470577,0.025683083148691985
235,5.0,16.7224,0.083612,10.0,2.5,7.609350046624173,8.172652531113116
236,5.0,16.7224,0.083612,10.0,5.0,5.631271104870448,5.873864492685556
237,5.0,16.7224,0.083612,10.0,10.0,3.119320593403164,3.158632570759471
238,5.0,16.7224,0.083612,10.0,50.0,0.22499934066436292,0.2239053237774875
239,5.0,16.7224,0.083612,10.0,150.0,0.025826723872263622,0.025701936570025383
240,7.0,13.6055,0.06802749999999999,2.4,2.5,5.692901980400289,6.219706541817991
241,7.0,13.6055,0.06802749999999999,2.4,5.0,4.346883971284909,4.547578828676854
242,7.0,13.6055,0.06802749999999999,2.4,10.0,2.5188832913401797,2.5271436049175966
243,7.0,13.6055,0.06802749999999999,2.4,50.0,0.2146050863214159,0.2125472217403658
244,7.0,13.6055,0.06802749999999999,2.4,150.0,0.02565940592648469,0.025468875880141864
245,7.0,13.6055,0.06802749999999999,3.0,2.5,5.735936783075744,6.2789103615037085
246,7.0,13.6055,0.06802749999999999,3.0,5.0,4.415541563246041,4.627224054654976
247,7.0,13.6055,0.06802749999999999,3.0,10.0,2.5914454978556156,2.6042350914306347
248,7.0,13.6055,0.06802749999999999,3.0,50.0,0.21806740411289252,0.2161345939834844
249,7.0,13.6055,0.06802749999999999,3.0,150.0,0.025722218911750288,0.025532461575009224
250,7.0,13.6055,0.06802749999999999,3.5,2.5,5.795417967533194,6.3576426133364095
251,7.0,13.6055,0.06802749999999999,3.5,5.0,4.499807177530968,4.721868931300901
252,7.0,13.6055,0.06802749999999999,3.5,10.0,2.660114848679723,2.676285634705153
253,7.0,13.6055,0.06802749999999999,3.5,50.0,0.2198996504019023,0.21803673465728626
254,7.0,13.6055,0.06802749999999999,3.5,150.0,0.02575231042095709,0.025562927570452084
255,7.0,13.6055,0.06802749999999999,5.0,2.5,6.268289467782328,6.876238864707011
256,7.0,13.6055,0.06802749999999999,5.0,5.0,4.895989004818833,5.131500302108047
257,7.0,13.6055,0.06802749999999999,5.0,10.0,2.8544968458757185,2.8780338320896166
258,7.0,13.6055,0.06802749999999999,5.0,50.0,0.2227419883085661,0.22099261220817754
259,7.0,13.6055,0.06802749999999999,5.0,150.0,0.025795336150182775,0.025606493362985674
260,7.0,13.6055,0.06802749999999999,6.0,2.5,6.846309000250922,7.3949316438009465
261,7.0,13.6055,0.06802749999999999,6.0,5.0,5.168362926012456,5.402346788186046
262,7.0,13.6055,0.06802749999999999,6.0,10.0,2.9482413313459217,2.976193898246796
263,7.0,13.6055,0.06802749999999999,6.0,50.0,0.22363906376972298,0.2219268157477548
264,7.0,13.6055,0.06802749999999999,6.0,150.0,0.025808084949470577,0.025619403220538628
265,7.0,13.6055,0.06802749999999999,10.0,2.5,7.609350046624173,8.285147697604227
266,7.0,13.6055,0.06802749999999999,10.0,5.0,5.631271104870448,5.916855294520673
267,7.0,13.6055,0.06802749999999999,10.0,10.0,3.119320593403164,3.1617908990751085
268,7.0,13.6055,0.06802749999999999,10.0,50.0,0.22499934066436292,0.22334460363864855
269,7.0,13.6055,0.06802749999999999,10.0,150.0,0.025826723872263622,0.025638278461784066
270,7.0,13.9542,0.069771,2.4,2.5,5.692901980400289,6.207928432651192
271,7.0,13.9542,0.069771,2.4,5.0,4.346883971284909,4.543733589032942
272,7.0,13.9542,0.069771,2.4,10.0,2.5188832913401797,2.527490965952077
273,7.0,13.9542,0.069771,2.4,50.0,0.2146050863214159,0.21263657031857944
274,7.0,13.9542,0.069771,2.4,150.0,0.02565940592648469,0.02547819437341976
275,7.0,13.9542,0.069771,3.0,2.5,5.735936783075744,6.266748007768485
276,7.0,13.9542,0.069771,3.0,5.0,4.415541563246041,4.623134231905207
277,7.0,13.9542,0.069771,3.0,10.0,2.5914454978556156,2.6044921760191735
278,7.0,13.9542,0.069771,3.0,50.0,0.21806740411289252,0.21622165364943804
279,7.0,13.9542,0.069771,3.0,150.0,0.025722218911750288,0.025541772637091825
280,7.0,13.9542,0.069771,3.5,2.5,5.795417967533194,6.345046925492697
281,7.0,13.9542,0.069771,3.5,5.0,4.499807177530968,4.717564264326764
282,7.0,13.9542,0.069771,3.5,10.0,2.660114848679723,2.6764809181468023
283,7.0,13.9542,0.069771,3.5,50.0,0.2198996504019023,0.21812249903687422
284,7.0,13.9542,0.069771,3.5,150.0,0.02575231042095709,0.02557223534371074
285,7.0,13.9542,0.069771,5.0,2.5,6.268289467782328,6.862874957284145
286,7.0,13.9542,0.069771,5.0,5.0,4.895989004818833,5.127011275511783
287,7.0,13.9542,0.069771,5.0,10.0,2.8544968458757185,2.878107906420825
288,7.0,13.9542,0.069771,5.0,50.0,0.2227419883085661,0.22107626219810397
289,7.0,13.9542,0.069771,5.0,150.0,0.025795336150182775,0.025615795458480185
290,7.0,13.9542,0.069771,6.0,2.5,6.846309000250922,7.382808716999694
291,7.0,13.9542,0.069771,6.0,5.0,5.168362926012456,5.397940024131161
292,7.0,13.9542,0.069771,6.0,10.0,2.9482413313459217,2.976189133410518
293,7.0,13.9542,0.069771,6.0,50.0,0.22363906376972298,0.2220097688130424
294,7.0,13.9542,0.069771,6.0,150.0,0.025808084949470577,0.025628703510339666
295,7.0,13.9542,0.069771,10.0,2.5,7.609350046624173,8.270427392385301
296,7.0,13.9542,0.069771,10.0,5.0,5.631271104870448,5.911359681585482
297,7.0,13.9542,0.069771,10.0,10.0,3.119320593403164,3.1614901854331214
298,7.0,13.9542,0.069771,10.0,50.0,0.22499934066436292,0.22342647286207906
299,7.0,13.9542,0.069771,10.0,150.0,0.025826723872263622,0.0256475759933649
300,7.0,14.5182,0.072591,2.4,2.5,5.692901980400289,6.189936353640178
301,7.0,14.5182,0.072591,2.4,5.0,4.346883971284909,4.537791864957004
302,7.0,14.5182,0.072591,2.4,10.0,2.5188832913401797,2.527964670428683
303,7.0,14.5182,0.072591,2.4,50.0,0.2146050863214159,0.2127682960333581
304,7.0,14.5182,0.072591,2.4,150.0,0.02565940592648469,0.025491871207456517
305,7.0,14.5182,0.072591,3.0,2.5,5.735936783075744,6.248171164527776
306,7.0,14.5182,0.072591,3.0,5.0,4.415541563246041,4.616818457132552
307,7.0,14.5182,0.072591,3.0,10.0,2.5914454978556156,2.6048268327731656
308,7.0,14.5182,0.072591,3.0,50.0,0.21806740411289252,0.21634981711745022
309,7.0,14.5182,0.072591,3.0,150.0,0.025722218911750288,0.02555543665084164
310,7.0,14.5182,0.072591,3.5,2.5,5.795417967533194,6.325807960653331
311,7.0,14.5182,0.072591,3.5,5.0,4.499807177530968,4.710918800090846
312,7.0,14.5182,0.072591,3.5,10.0,2.660114848679723,2.6767198310697364
313,7.0,14.5182,0.072591,3.5,50.0,0.2198996504019023,0.21824866035332366
314,7.0,14.5182,0.072591,3.5,150.0,0.02575231042095709,0.025585893354674198
315,7.0,14.5182,0.072591,5.0,2.5,6.268289467782328,6.8424393248212
316,7.0,14.5182,0.072591,5.0,5.0,4.895989004818833,5.120072315832666
317,7.0,14.5182,0.072591,5.0,10.0,2.8544968458757185,2.8781571550120977
318,7.0,14.5182,0.072591,5.0,50.0,0.2227419883085661,0.22119914512049013
319,7.0,14.5182,0.072591,5.0,150.0,0.025795336150182775,0.025629444197241676
320,7.0,14.5182,0.072591,6.0,2.5,6.846309000250922,7.364271245659711
321,7.0,14.5182,0.072591,6.0,5.0,5.168362926012456,5.391121572767439
322,7.0,14.5182,0.072591,6.0,10.0,2.9482413313459217,2.9761159241423605
323,7.0,14.5182,0.072591,6.0,50.0,0.22363906376972298,0.22213157746206627
324,7.0,14.5182,0.072591,6.0,150.0,0.025808084949470577,0.025642349820246435
325,7.0,14.5182,0.072591,10.0,2.5,7.609350046624173,8.247901344514178
326,7.0,14.5182,0.072591,10.0,5.0,5.631271104870448,5.902871726860522
327,7.0,14.5182,0.072591,10.0,10.0,3.119320593403164,3.1609620800570677
328,7.0,14.5182,0.072591,10.0,50.0,0.22499934066436292,0.22354661139274892
329,7.0,14.5182,0.072591,10.0,150.0,0.025826723872263622,0.02566121882464817
330,7.0,15.2,0.076,2.4,2.5,5.692901980400289,6.169771995263042
331,7.0,15.2,0.076,2.4,5.0,4.346883971284909,4.531037627972502
332,7.0,15.2,0.076,2.4,10.0,2.5188832913401797,2.5284158530880934
333,7.0,15.2,0.076,2.4,50.0,0.2146050863214159,0.21290926529868393
334,7.0,15.2,0.076,2.4,150.0,0.02565940592648469,0.02550641688732554
335,7.0,15.2,0.076,3.0,2.5,5.735936783075744,6.227354788803435
336,7.0,15.2,0.076,3.0,5.0,4.415541563246041,4.609645035548424
337,7.0,15.2,0.076,3.0,10.0,2.5914454978556156,2.6051205975691083
338,7.0,15.2,0.076,3.0,50.0,0.21806740411289252,0.21648672440074865
339,7.0,15.2,0.076,3.0,150.0,0.025722218911750288,0.025569966975194033
340,7.0,15.2,0.076,3.5,2.5,5.795417967533194,6.304250098485251
341,7.0,15.2,0.076,3.5,5.0,4.499807177530968,4.703373303278697
342,7.0,15.2,0.076,3.5,10.0,2.660114848679723,2.6769042564128345
343,7.0,15.2,0.076,3.5,50.0,0.2198996504019023,0.21838328080735234
344,7.0,15.2,0.076,3.5,150.0,0.02575231042095709,0.025600416317625448
345,7.0,15.2,0.076,5.0,2.5,6.268289467782328,6.819506183668798
346,7.0,15.2,0.076,5.0,5.0,4.895989004818833,5.112181497506191
347,7.0,15.2,0.076,5.0,10.0,2.8544968458757185,2.8781227839670187
348,7.0,15.2,0.076,5.0,50.0,0.2227419883085661,0.22133003143298133
349,7.0,15.2,0.076,5.0,150.0,0.025795336150182775,0.02564395634985634
350,7.0,15.2,0.076,6.0,2.5,6.846309000250922,7.343469914122371
351,7.0,15.2,0.076,6.0,5.0,5.168362926012456,5.383358385434394
352,7.0,15.2,0.076,6.0,10.0,2.9482413313459217,2.975941520615408
353,7.0,15.2,0.076,6.0,50.0,0.22363906376972298,0.2222612357184135
354,7.0,15.2,0.076,6.0,150.0,0.025808084949470577,0.025656858697023534
355,7.0,15.2,0.076,10.0,2.5,7.609350046624173,8.222600735884367
356,7.0,15.2,0.076,10.0,5.0,5.631271104870448,5.893228607078332
357,7.0,15.2,0.076,10.0,10.0,3.119320593403164,3.1602738969954336
358,7.0,15.2,0.076,10.0,50.0,0.22499934066436292,0.22367436982605252
359,7.0,15.2,0.076,10.0,150.0,0.025826723872263622,0.025675723043064962
360,7.0,15.8818,0.07940900000000001,2.4,2.5,5.692901980400289,6.151158858876645
361,7.0,15.8818,0.07940900000000001,2.4,5.0,4.346883971284909,4.524715848562042
362,7.0,15.8818,0.07940900000000001,2.4,10.0,2.5188832913401797,2.528759535522432
363,7.0,15.8818,0.07940900000000001,2.4,50.0,0.2146050863214159,0.2130333087423893
364,7.0,15.8818,0.07940900000000001,2.4,150.0,0.02565940592648469,0.025519134061519476
365,7.0,15.8818,0.07940900000000001,3.0,2.5,5.735936783075744,6.208142886420024
366,7.0,15.8818,0.07940900000000001,3.0,5.0,4.415541563246041,4.602936201369375
367,7.0,15.8818,0.07940900000000001,3.0,10.0,2.5914454978556156,2.605317451154096
368,7.0,15.8818,0.07940900000000001,3.0,50.0,0.21806740411289252,0.21660695666327573
369,7.0,15.8818,0.07940900000000001,3.0,150.0,0.025722218911750288,0.025582668226519025
370,7.0,15.8818,0.07940900000000001,3.5,2.5,5.795417967533194,6.284354011092555
371,7.0,15.8818,0.07940900000000001,3.5,5.0,4.499807177530968,4.696318713006012
372,7.0,15.8818,0.07940900000000001,3.5,10.0,2.660114848679723,2.6769983946906892
373,7.0,15.8818,0.07940900000000001,3.5,50.0,0.2198996504019023,0.2185013653313661
374,7.0,15.8818,0.07940900000000001,3.5,150.0,0.02575231042095709,0.025613109741869165
375,7.0,15.8818,0.07940900000000001,5.0,2.5,6.268289467782328,6.798309152280511
376,7.0,15.8818,0.07940900000000001,5.0,5.0,4.895989004818833,5.104792751650671
377,7.0,15.8818,0.07940900000000001,5.0,10.0,2.8544968458757185,2.878009294018253
378,7.0,15.8818,0.07940900000000001,5.0,50.0,0.2227419883085661,0.22144461284489333
379,7.0,15.8818,0.07940900000000001,5.0,150.0,0.025795336150182775,0.02565663877009869
380,7.0,15.8818,0.07940900000000001,6.0,2.5,6.846309000250922,7.3242458229552545
381,7.0,15.8818,0.07940900000000001,6.0,5.0,5.168362926012456,5.376080593746564
382,7.0,15.8818,0.07940900000000001,6.0,10.0,2.9482413313459217,2.9756961631102326
383,7.0,15.8818,0.07940900000000001,6.0,50.0,0.22363906376972298,0.22237466777691253
384,7.0,15.8818,0.07940900000000001,6.0,150.0,0.025808084949470577,0.02566953772593538
385,7.0,15.8818,0.07940900000000001,10.0,2.5,7.609350046624173,8.199195608360862
386,7.0,15.8818,0.07940900000000001,10.0,5.0,5.631271104870448,5.88420775149527
387,7.0,15.8818,0.07940900000000001,10.0,10.0,3.119320593403164,3.159550551360426
388,7.0,15.8818,0.07940900000000001,10.0,50.0,0.22499934066436292,0.22378601551829683
389,7.0,15.8818,0.07940900000000001,10.0,150.0,0.025826723872263622,0.025688397024822833
390,7.0,16.4458,0.082229,2.4,2.5,5.692901980400289,6.136812070980067
391,7.0,16.4458,0.082229,2.4,5.0,4.346883971284909,4.519787244045959
392,7.0,16.4458,0.082229,2.4,10.0,2.5188832913401797,2.528977887424796
393,7.0,16.4458,0.082229,2.4,50.0,0.2146050863214159,0.21312506407737464
394,7.0,16.4458,0.082229,2.4,150.0,0.02565940592648469,0.025528481776188265
395,7.0,16.4458,0.082229,3.0,2.5,5.735936783075744,6.193336597469571
396,7.0,16.4458,0.082229,3.0,5.0,4.415541563246041,4.597709252951065
397,7.0,16.4458,0.082229,3.0,10.0,2.5914454978556156,2.605421732714498
398,7.0,16.4458,0.082229,3.0,50.0,0.21806740411289252,0.21669572511479862
399,7.0,16.4458,0.082229,3.0,150.0,0.025722218911750288,0.025592003590088206
400,7.0,16.4458,0.082229,3.5,2.5,5.795417967533194,6.269020821545877
401,7.0,16.4458,0.082229,3.5,5.0,4.499807177530968,4.690823865124183
402,7.0,16.4458,0.082229,3.5,10.0,2.660114848679723,2.6770223115805587
403,7.0,16.4458,0.082229,3.5,50.0,0.2198996504019023,0.21858845645129926
404,7.0,16.4458,0.082229,3.5,150.0,0.02575231042095709,0.025622438341814123
405,7.0,16.4458,0.082229,5.0,2.5,6.268289467782328,6.781952747846585
406,7.0,16.4458,0.082229,5.0,5.0,4.895989004818833,5.099030623295756
407,7.0,16.4458,0.082229,5.0,10.0,2.8544968458757185,2.8778694212683256
408,7.0,16.4458,0.082229,5.0,50.0,0.2227419883085661,0.2215289653554012
409,7.0,16.4458,0.082229,5.0,150.0,0.025795336150182775,0.02566595848116909
410,7.0,16.4458,0.082229,6.0,2.5,6.846309000250922,7.309413949185868
411,7.0,16.4458,0.082229,6.0,5.0,5.168362926012456,5.370399543521261
412,7.0,16.4458,0.082229,6.0,10.0,2.9482413313459217,2.975453014541719
413,7.0,16.4458,0.082229,6.0,50.0,0.22363906376972298,0.22245812163556447
414,7.0,16.4458,0.082229,6.0,150.0,0.025808084949470577,0.025678854593705166
415,7.0,16.4458,0.082229,10.0,2.5,7.609350046624173,8.181122858785
416,7.0,16.4458,0.082229,10.0,5.0,5.631271104870448,5.877177997858462
417,7.0,16.4458,0.082229,10.0,10.0,3.119320593403164,3.1589365859538385
418,7.0,16.4458,0.082229,10.0,50.0,0.22499934066436292,0.22386807534456876
419,7.0,16.4458,0.082229,10.0,150.0,0.025826723872263622,0.02569770954598039
420,7.0,16.7945,0.08397249999999999,2.4,2.5,5.692901980400289,6.128377710652883
421,7.0,16.7945,0.08397249999999999,2.4,5.0,4.346883971284909,4.516867605183233
422,7.0,16.7945,0.08397249999999999,2.4,10.0,2.5188832913401797,2.529087667738912
423,7.0,16.7945,0.08397249999999999,2.4,50.0,0.2146050863214159,0.21317746928504094
424,7.0,16.7945,0.08397249999999999,2.4,150.0,0.02565940592648469,0.025533798062096585
425,7.0,16.7945,0.08397249999999999,3.0,2.5,5.735936783075744,6.184633175193036
426,7.0,16.7945,0.08397249999999999,3.0,5.0,4.415541563246041,4.5946140894731045
427,7.0,16.7945,0.08397249999999999,3.0,10.0,2.5914454978556156,2.605464044086787
428,7.0,16.7945,0.08397249999999999,3.0,50.0,0.21806740411289252,0.21674635543554122
429,7.0,16.7945,0.08397249999999999,3.0,150.0,0.025722218911750288,0.025597311951335952
430,7.0,16.7945,0.08397249999999999,3.5,2.5,5.795417967533194,6.260007502113486
431,7.0,16.7945,0.08397249999999999,3.5,5.0,4.499807177530968,4.687570434339171
432,7.0,16.7945,0.08397249999999999,3.5,10.0,2.660114848679723,2.6770168884475254
433,7.0,16.7945,0.08397249999999999,3.5,50.0,0.2198996504019023,0.21863809216346836
434,7.0,16.7945,0.08397249999999999,3.5,150.0,0.02575231042095709,0.025627742836960368
435,7.0,16.7945,0.08397249999999999,5.0,2.5,6.268289467782328,6.772329486266763
436,7.0,16.7945,0.08397249999999999,5.0,5.0,4.895989004818833,5.095616111107376
437,7.0,16.7945,0.08397249999999999,5.0,10.0,2.8544968458757185,2.877766268397636
438,7.0,16.7945,0.08397249999999999,5.0,50.0,0.2227419883085661,0.22157697560522835
439,7.0,16.7945,0.08397249999999999,5.0,150.0,0.025795336150182775,0.02567125726492178
440,7.0,16.7945,0.08397249999999999,6.0,2.5,6.846309000250922,7.300688648992475
441,7.0,16.7945,0.08397249999999999,6.0,5.0,5.168362926012456,5.367031229530394
442,7.0,16.7945,0.08397249999999999,6.0,10.0,2.9482413313459217,2.975288428465294
443,7.0,16.7945,0.08397249999999999,6.0,50.0,0.22363906376972298,0.2225056030719579
444,7.0,16.7945,0.08397249999999999,6.0,150.0,0.025808084949470577,0.02568415170539207
445,7.0,16.7945,0.08397249999999999,10.0,2.5,7.609350046624173,8.170484931967618
446,7.0,16.7945,0.08397249999999999,10.0,5.0,5.631271104870448,5.873014614026214
447,7.0,16.7945,0.08397249999999999,10.0,10.0,3.119320593403164,3.1585531462641536
448,7.0,16.7945,0.08397249999999999,10.0,50.0,0.22499934066436292,0.2239147271476096
449,7.0,16.7945,0.08397249999999999,10.0,150.0,0.025826723872263622,0.025703004502605806
