tissue,frequency,conductivity,relative_permitivity,loss_tangent,penetration_depth
air,1.000e+9,0.000e-1,1.000e+0,0.000e-1,0
air,2.000e+9,0.000e-1,1.000e+0,0.000e-1,0
air,3.000e+9,0.000e-1,1.000e+0,0.000e-1,0
air,4.000e+9,0.000e-1,1.000e+0,0.000e-1,0
air,5.000e+9,0.000e-1,1.000e+0,0.000e-1,0
air,6.000e+9,0.000e-1,1.000e+0,0.000e-1,0
air,7.000e+9,0.000e-1,1.000e+0,0.000e-1,0
air,8.000e+9,0.000e-1,1.000e+0,0.000e-1,0
air,9.000e+9,0.000e-1,1.000e+0,0.000e-1,0
air,1.000e+10,0.000e-1,1.000e+0,0.000e-1,0
air,1.100e+10,0.000e-1,1.000e+0,0.000e-1,0
air,1.200e+10,0.000e-1,1.000e+0,0.000e-1,0
air,1.300e+10,0.000e-1,1.000e+0,0.000e-1,0
air,1.400e+10,0.000e-1,1.000e+0,0.000e-1,0
air,1.500e+10,0.000e-1,1.000e+0,0.000e-1,0
air,1.600e+10,0.000e-1,1.000e+0,0.000e-1,0
air,1.700e+10,0.000e-1,1.000e+0,0.000e-1,0
air,1.800e+10,0.000e-1,1.000e+0,0.000e-1,0
air,1.900e+10,0.000e-1,1.000e+0,0.000e-1,0
air,2.000e+10,0.000e-1,1.000e+0,0.000e-1,0
air,2.100e+10,0.000e-1,1.000e+0,0.000e-1,0
air,2.200e+10,0.000e-1,1.000e+0,0.000e-1,0
air,2.300e+10,0.000e-1,1.000e+0,0.000e-1,0
air,2.400e+10,0.000e-1,1.000e+0,0.000e-1,0
air,2.500e+10,0.000e-1,1.000e+0,0.000e-1,0
air,2.600e+10,0.000e-1,1.000e+0,0.000e-1,0
air,2.700e+10,0.000e-1,1.000e+0,0.000e-1,0
air,2.800e+10,0.000e-1,1.000e+0,0.000e-1,0
air,2.900e+10,0.000e-1,1.000e+0,0.000e-1,0
air,3.000e+10,0.000e-1,1.000e+0,0.000e-1,0
air,3.100e+10,0.000e-1,1.000e+0,0.000e-1,0
air,3.200e+10,0.000e-1,1.000e+0,0.000e-1,0
air,3.300e+10,0.000e-1,1.000e+0,0.000e-1,0
air,3.400e+10,0.000e-1,1.000e+0,0.000e-1,0
air,3.500e+10,0.000e-1,1.000e+0,0.000e-1,0
air,3.600e+10,0.000e-1,1.000e+0,0.000e-1,0
air,3.700e+10,0.000e-1,1.000e+0,0.000e-1,0
air,3.800e+10,0.000e-1,1.000e+0,0.000e-1,0
air,3.900e+10,0.000e-1,1.000e+0,0.000e-1,0
air,4.000e+10,0.000e-1,1.000e+0,0.000e-1,0
air,4.100e+10,0.000e-1,1.000e+0,0.000e-1,0
air,4.200e+10,0.000e-1,1.000e+0,0.000e-1,0
air,4.300e+10,0.000e-1,1.000e+0,0.000e-1,0
air,4.400e+10,0.000e-1,1.000e+0,0.000e-1,0
air,4.500e+10,0.000e-1,1.000e+0,0.000e-1,0
air,4.600e+10,0.000e-1,1.000e+0,0.000e-1,0
air,4.700e+10,0.000e-1,1.000e+0,0.000e-1,0
air,4.800e+10,0.000e-1,1.000e+0,0.000e-1,0
air,4.900e+10,0.000e-1,1.000e+0,0.000e-1,0
air,5.000e+10,0.000e-1,1.000e+0,0.000e-1,0
air,5.100e+10,0.000e-1,1.000e+0,0.000e-1,0
air,5.200e+10,0.000e-1,1.000e+0,0.000e-1,0
air,5.300e+10,0.000e-1,1.000e+0,0.000e-1,0
air,5.400e+10,0.000e-1,1.000e+0,0.000e-1,0
air,5.500e+10,0.000e-1,1.000e+0,0.000e-1,0
air,5.600e+10,0.000e-1,1.000e+0,0.000e-1,0
air,5.700e+10,0.000e-1,1.000e+0,0.000e-1,0
air,5.800e+10,0.000e-1,1.000e+0,0.000e-1,0
air,5.900e+10,0.000e-1,1.000e+0,0.000e-1,0
air,6.000e+10,0.000e-1,1.000e+0,0.000e-1,0
air,6.100e+10,0.000e-1,1.000e+0,0.000e-1,0
air,6.200e+10,0.000e-1,1.000e+0,0.000e-1,0
air,6.300e+10,0.000e-1,1.000e+0,0.000e-1,0
air,6.400e+10,0.000e-1,1.000e+0,0.000e-1,0
air,6.500e+10,0.000e-1,1.000e+0,0.000e-1,0
air,6.600e+10,0.000e-1,1.000e+0,0.000e-1,0
air,6.700e+10,0.000e-1,1.000e+0,0.000e-1,0
air,6.800e+10,0.000e-1,1.000e+0,0.000e-1,0
air,6.900e+10,0.000e-1,1.000e+0,0.000e-1,0
air,7.000e+10,0.000e-1,1.000e+0,0.000e-1,0
air,7.100e+10,0.000e-1,1.000e+0,0.000e-1,0
air,7.200e+10,0.000e-1,1.000e+0,0.000e-1,0
air,7.300e+10,0.000e-1,1.000e+0,0.000e-1,0
air,7.400e+10,0.000e-1,1.000e+0,0.000e-1,0
air,7.500e+10,0.000e-1,1.000e+0,0.000e-1,0
air,7.600e+10,0.000e-1,1.000e+0,0.000e-1,0
air,7.700e+10,0.000e-1,1.000e+0,0.000e-1,0
air,7.800e+10,0.000e-1,1.000e+0,0.000e-1,0
air,7.900e+10,0.000e-1,1.000e+0,0.000e-1,0
air,8.000e+10,0.000e-1,1.000e+0,0.000e-1,0
air,8.100e+10,0.000e-1,1.000e+0,0.000e-1,0
air,8.200e+10,0.000e-1,1.000e+0,0.000e-1,0
air,8.300e+10,0.000e-1,1.000e+0,0.000e-1,0
air,8.400e+10,0.000e-1,1.000e+0,0.000e-1,0
air,8.500e+10,0.000e-1,1.000e+0,0.000e-1,0
air,8.600e+10,0.000e-1,1.000e+0,0.000e-1,0
air,8.700e+10,0.000e-1,1.000e+0,0.000e-1,0
air,8.800e+10,0.000e-1,1.000e+0,0.000e-1,0
air,8.900e+10,0.000e-1,1.000e+0,0.000e-1,0
air,9.000e+10,0.000e-1,1.000e+0,0.000e-1,0
air,9.100e+10,0.000e-1,1.000e+0,0.000e-1,0
air,9.200e+10,0.000e-1,1.000e+0,0.000e-1,0
air,9.300e+10,0.000e-1,1.000e+0,0.000e-1,0
air,9.400e+10,0.000e-1,1.000e+0,0.000e-1,0
air,9.500e+10,0.000e-1,1.000e+0,0.000e-1,0
air,9.600e+10,0.000e-1,1.000e+0,0.000e-1,0
air,9.700e+10,0.000e-1,1.000e+0,0.000e-1,0
air,9.800e+10,0.000e-1,1.000e+0,0.000e-1,0
air,9.900e+10,0.000e-1,1.000e+0,0.000e-1,0
air,1.000e+11,0.000e-1,1.000e+0,0.000e-1,0
blood,1.000e+9,1.583e+0,6.106e+1,4.660e-1,2.688e-2
blood,2.000e+9,2.186e+0,5.902e+1,3.329e-1,1.891e-2
blood,3.000e+9,3.050e+0,5.735e+1,3.186e-1,1.334e-2
blood,4.000e+9,4.134e+0,5.568e+1,3.336e-1,9.712e-3
blood,5.000e+9,5.395e+0,5.395e+1,3.595e-1,7.340e-3
blood,6.000e+9,6.795e+0,5.218e+1,3.901e-1,5.747e-3
blood,7.000e+9,8.297e+0,5.040e+1,4.228e-1,4.638e-3
blood,8.000e+9,9.871e+0,4.861e+1,4.563e-1,3.841e-3
blood,9.000e+9,1.149e+1,4.684e+1,4.899e-1,3.251e-3
blood,1.000e+10,1.313e+1,4.511e+1,5.233e-1,2.801e-3
blood,1.100e+10,1.478e+1,4.342e+1,5.561e-1,2.451e-3
blood,1.200e+10,1.641e+1,4.179e+1,5.883e-1,2.173e-3
blood,1.300e+10,1.802e+1,4.021e+1,6.198e-1,1.948e-3
blood,1.400e+10,1.961e+1,3.870e+1,6.505e-1,1.764e-3
blood,1.500e+10,2.115e+1,3.726e+1,6.804e-1,1.610e-3
blood,1.600e+10,2.265e+1,3.588e+1,7.094e-1,1.481e-3
blood,1.700e+10,2.411e+1,3.457e+1,7.376e-1,1.371e-3
blood,1.800e+10,2.552e+1,3.332e+1,7.649e-1,1.276e-3
blood,1.900e+10,2.688e+1,3.213e+1,7.914e-1,1.194e-3
blood,2.000e+10,2.819e+1,3.101e+1,8.170e-1,1.123e-3
blood,2.100e+10,2.945e+1,2.995e+1,8.418e-1,1.059e-3
blood,2.200e+10,3.066e+1,2.894e+1,8.658e-1,1.004e-3
blood,2.300e+10,3.183e+1,2.798e+1,8.890e-1,9.539e-4
blood,2.400e+10,3.295e+1,2.708e+1,9.115e-1,9.093e-4
blood,2.500e+10,3.403e+1,2.622e+1,9.331e-1,8.692e-4
blood,2.600e+10,3.506e+1,2.541e+1,9.540e-1,8.329e-4
blood,2.700e+10,3.605e+1,2.464e+1,9.742e-1,8.000e-4
blood,2.800e+10,3.701e+1,2.391e+1,9.937e-1,7.699e-4
blood,2.900e+10,3.792e+1,2.321e+1,1.012e+0,7.424e-4
blood,3.000e+10,3.880e+1,2.256e+1,1.031e+0,7.172e-4
blood,3.100e+10,3.965e+1,2.194e+1,1.048e+0,6.939e-4
blood,3.200e+10,4.046e+1,2.134e+1,1.065e+0,6.724e-4
blood,3.300e+10,4.124e+1,2.078e+1,1.081e+0,6.525e-4
blood,3.400e+10,4.199e+1,2.025e+1,1.097e+0,6.339e-4
blood,3.500e+10,4.272e+1,1.974e+1,1.111e+0,6.167e-4
blood,3.600e+10,4.341e+1,1.925e+1,1.126e+0,6.006e-4
blood,3.700e+10,4.409e+1,1.879e+1,1.140e+0,5.855e-4
blood,3.800e+10,4.473e+1,1.835e+1,1.153e+0,5.714e-4
blood,3.900e+10,4.536e+1,1.793e+1,1.166e+0,5.581e-4
blood,4.000e+10,4.596e+1,1.753e+1,1.178e+0,5.456e-4
blood,4.100e+10,4.655e+1,1.715e+1,1.190e+0,5.338e-4
blood,4.200e+10,4.711e+1,1.679e+1,1.201e+0,5.227e-4
blood,4.300e+10,4.765e+1,1.644e+1,1.212e+0,5.121e-4
blood,4.400e+10,4.818e+1,1.610e+1,1.222e+0,5.022e-4
blood,4.500e+10,4.869e+1,1.578e+1,1.232e+0,4.927e-4
blood,4.600e+10,4.918e+1,1.548e+1,1.242e+0,4.837e-4
blood,4.700e+10,4.965e+1,1.519e+1,1.251e+0,4.752e-4
blood,4.800e+10,5.012e+1,1.490e+1,1.259e+0,4.670e-4
blood,4.900e+10,5.056e+1,1.463e+1,1.268e+0,4.592e-4
blood,5.000e+10,5.100e+1,1.438e+1,1.275e+0,4.518e-4
blood,5.100e+10,5.142e+1,1.413e+1,1.283e+0,4.447e-4
blood,5.200e+10,5.183e+1,1.389e+1,1.290e+0,4.379e-4
blood,5.300e+10,5.223e+1,1.366e+1,1.297e+0,4.314e-4
blood,5.400e+10,5.261e+1,1.344e+1,1.303e+0,4.252e-4
blood,5.500e+10,5.299e+1,1.323e+1,1.309e+0,4.192e-4
blood,5.600e+10,5.335e+1,1.302e+1,1.315e+0,4.135e-4
blood,5.700e+10,5.371e+1,1.282e+1,1.321e+0,4.080e-4
blood,5.800e+10,5.405e+1,1.263e+1,1.326e+0,4.027e-4
blood,5.900e+10,5.439e+1,1.245e+1,1.331e+0,3.976e-4
blood,6.000e+10,5.472e+1,1.228e+1,1.335e+0,3.926e-4
blood,6.100e+10,5.504e+1,1.210e+1,1.340e+0,3.879e-4
blood,6.200e+10,5.535e+1,1.194e+1,1.344e+0,3.833e-4
blood,6.300e+10,5.565e+1,1.178e+1,1.348e+0,3.789e-4
blood,6.400e+10,5.595e+1,1.163e+1,1.351e+0,3.746e-4
blood,6.500e+10,5.624e+1,1.148e+1,1.355e+0,3.705e-4
blood,6.600e+10,5.652e+1,1.133e+1,1.358e+0,3.665e-4
blood,6.700e+10,5.680e+1,1.120e+1,1.361e+0,3.626e-4
blood,6.800e+10,5.706e+1,1.106e+1,1.364e+0,3.589e-4
blood,6.900e+10,5.733e+1,1.093e+1,1.366e+0,3.553e-4
blood,7.000e+10,5.759e+1,1.080e+1,1.369e+0,3.518e-4
blood,7.100e+10,5.784e+1,1.068e+1,1.371e+0,3.483e-4
blood,7.200e+10,5.808e+1,1.056e+1,1.373e+0,3.450e-4
blood,7.300e+10,5.833e+1,1.045e+1,1.375e+0,3.418e-4
blood,7.400e+10,5.856e+1,1.034e+1,1.376e+0,3.387e-4
blood,7.500e+10,5.879e+1,1.023e+1,1.378e+0,3.357e-4
blood,7.600e+10,5.902e+1,1.012e+1,1.379e+0,3.327e-4
blood,7.700e+10,5.924e+1,1.002e+1,1.380e+0,3.299e-4
blood,7.800e+10,5.946e+1,9.923e+0,1.381e+0,3.271e-4
blood,7.900e+10,5.967e+1,9.826e+0,1.382e+0,3.244e-4
blood,8.000e+10,5.988e+1,9.733e+0,1.382e+0,3.217e-4
blood,8.100e+10,6.009e+1,9.642e+0,1.383e+0,3.192e-4
blood,8.200e+10,6.029e+1,9.553e+0,1.383e+0,3.166e-4
blood,8.300e+10,6.048e+1,9.467e+0,1.384e+0,3.142e-4
blood,8.400e+10,6.068e+1,9.384e+0,1.384e+0,3.118e-4
blood,8.500e+10,6.087e+1,9.302e+0,1.384e+0,3.095e-4
blood,8.600e+10,6.105e+1,9.223e+0,1.384e+0,3.072e-4
blood,8.700e+10,6.124e+1,9.145e+0,1.383e+0,3.050e-4
blood,8.800e+10,6.142e+1,9.070e+0,1.383e+0,3.028e-4
blood,8.900e+10,6.160e+1,8.997e+0,1.383e+0,3.007e-4
blood,9.000e+10,6.177e+1,8.925e+0,1.382e+0,2.987e-4
blood,9.100e+10,6.194e+1,8.855e+0,1.382e+0,2.966e-4
blood,9.200e+10,6.211e+1,8.787e+0,1.381e+0,2.947e-4
blood,9.300e+10,6.228e+1,8.721e+0,1.380e+0,2.927e-4
blood,9.400e+10,6.244e+1,8.656e+0,1.379e+0,2.909e-4
blood,9.500e+10,6.260e+1,8.593e+0,1.378e+0,2.890e-4
blood,9.600e+10,6.276e+1,8.531e+0,1.377e+0,2.872e-4
blood,9.700e+10,6.291e+1,8.471e+0,1.376e+0,2.854e-4
blood,9.800e+10,6.306e+1,8.412e+0,1.375e+0,2.837e-4
blood,9.900e+10,6.322e+1,8.355e+0,1.374e+0,2.820e-4
blood,1.000e+11,6.336e+1,8.299e+0,1.373e+0,2.803e-4
blood_vessel,1.000e+9,7.287e-1,4.456e+1,2.939e-1,4.915e-2
blood_vessel,2.000e+9,1.171e+0,4.309e+1,2.442e-1,2.998e-2
blood_vessel,3.000e+9,1.808e+0,4.185e+1,2.588e-1,1.915e-2
blood_vessel,4.000e+9,2.607e+0,4.060e+1,2.885e-1,1.311e-2
blood_vessel,5.000e+9,3.533e+0,3.930e+1,3.232e-1,9.538e-3
blood_vessel,6.000e+9,4.556e+0,3.796e+1,3.596e-1,7.291e-3
blood_vessel,7.000e+9,5.649e+0,3.662e+1,3.961e-1,5.793e-3
blood_vessel,8.000e+9,6.787e+0,3.528e+1,4.323e-1,4.748e-3
blood_vessel,9.000e+9,7.952e+0,3.396e+1,4.677e-1,3.990e-3
blood_vessel,1.000e+10,9.127e+0,3.267e+1,5.021e-1,3.422e-3
blood_vessel,1.100e+10,1.030e+1,3.143e+1,5.355e-1,2.985e-3
blood_vessel,1.200e+10,1.146e+1,3.022e+1,5.678e-1,2.641e-3
blood_vessel,1.300e+10,1.259e+1,2.907e+1,5.990e-1,2.365e-3
blood_vessel,1.400e+10,1.370e+1,2.797e+1,6.291e-1,2.140e-3
blood_vessel,1.500e+10,1.478e+1,2.692e+1,6.580e-1,1.953e-3
blood_vessel,1.600e+10,1.583e+1,2.593e+1,6.858e-1,1.796e-3
blood_vessel,1.700e+10,1.684e+1,2.498e+1,7.126e-1,1.663e-3
blood_vessel,1.800e+10,1.781e+1,2.409e+1,7.382e-1,1.550e-3
blood_vessel,1.900e+10,1.874e+1,2.324e+1,7.628e-1,1.451e-3
blood_vessel,2.000e+10,1.964e+1,2.245e+1,7.864e-1,1.365e-3
blood_vessel,2.100e+10,2.050e+1,2.169e+1,8.091e-1,1.289e-3
blood_vessel,2.200e+10,2.133e+1,2.098e+1,8.307e-1,1.223e-3
blood_vessel,2.300e+10,2.212e+1,2.030e+1,8.514e-1,1.163e-3
blood_vessel,2.400e+10,2.288e+1,1.967e+1,8.712e-1,1.110e-3
blood_vessel,2.500e+10,2.361e+1,1.907e+1,8.901e-1,1.062e-3
blood_vessel,2.600e+10,2.430e+1,1.850e+1,9.081e-1,1.019e-3
blood_vessel,2.700e+10,2.497e+1,1.797e+1,9.254e-1,9.794e-4
blood_vessel,2.800e+10,2.561e+1,1.746e+1,9.418e-1,9.435e-4
blood_vessel,2.900e+10,2.623e+1,1.698e+1,9.574e-1,9.108e-4
blood_vessel,3.000e+10,2.681e+1,1.652e+1,9.723e-1,8.807e-4
blood_vessel,3.100e+10,2.738e+1,1.609e+1,9.865e-1,8.529e-4
blood_vessel,3.200e+10,2.792e+1,1.569e+1,9.999e-1,8.273e-4
blood_vessel,3.300e+10,2.844e+1,1.530e+1,1.013e+0,8.036e-4
blood_vessel,3.400e+10,2.894e+1,1.493e+1,1.025e+0,7.815e-4
blood_vessel,3.500e+10,2.942e+1,1.458e+1,1.036e+0,7.610e-4
blood_vessel,3.600e+10,2.989e+1,1.425e+1,1.047e+0,7.418e-4
blood_vessel,3.700e+10,3.033e+1,1.393e+1,1.058e+0,7.239e-4
blood_vessel,3.800e+10,3.076e+1,1.363e+1,1.067e+0,7.071e-4
blood_vessel,3.900e+10,3.118e+1,1.335e+1,1.077e+0,6.913e-4
blood_vessel,4.000e+10,3.157e+1,1.307e+1,1.085e+0,6.764e-4
blood_vessel,4.100e+10,3.196e+1,1.281e+1,1.093e+0,6.624e-4
blood_vessel,4.200e+10,3.233e+1,1.257e+1,1.101e+0,6.492e-4
blood_vessel,4.300e+10,3.269e+1,1.233e+1,1.108e+0,6.366e-4
blood_vessel,4.400e+10,3.304e+1,1.210e+1,1.115e+0,6.248e-4
blood_vessel,4.500e+10,3.337e+1,1.189e+1,1.121e+0,6.135e-4
blood_vessel,4.600e+10,3.370e+1,1.168e+1,1.127e+0,6.028e-4
blood_vessel,4.700e+10,3.401e+1,1.148e+1,1.133e+0,5.926e-4
blood_vessel,4.800e+10,3.431e+1,1.129e+1,1.138e+0,5.830e-4
blood_vessel,4.900e+10,3.461e+1,1.111e+1,1.143e+0,5.737e-4
blood_vessel,5.000e+10,3.490e+1,1.093e+1,1.147e+0,5.649e-4
blood_vessel,5.100e+10,3.517e+1,1.077e+1,1.151e+0,5.565e-4
blood_vessel,5.200e+10,3.544e+1,1.061e+1,1.155e+0,5.484e-4
blood_vessel,5.300e+10,3.570e+1,1.045e+1,1.159e+0,5.407e-4
blood_vessel,5.400e+10,3.596e+1,1.030e+1,1.162e+0,5.333e-4
blood_vessel,5.500e+10,3.620e+1,1.016e+1,1.165e+0,5.262e-4
blood_vessel,5.600e+10,3.644e+1,1.002e+1,1.167e+0,5.194e-4
blood_vessel,5.700e+10,3.668e+1,9.889e+0,1.170e+0,5.128e-4
blood_vessel,5.800e+10,3.690e+1,9.762e+0,1.172e+0,5.066e-4
blood_vessel,5.900e+10,3.712e+1,9.639e+0,1.173e+0,5.005e-4
blood_vessel,6.000e+10,3.734e+1,9.520e+0,1.175e+0,4.946e-4
blood_vessel,6.100e+10,3.755e+1,9.405e+0,1.176e+0,4.890e-4
blood_vessel,6.200e+10,3.775e+1,9.295e+0,1.178e+0,4.836e-4
blood_vessel,6.300e+10,3.795e+1,9.188e+0,1.179e+0,4.783e-4
blood_vessel,6.400e+10,3.815e+1,9.085e+0,1.179e+0,4.733e-4
blood_vessel,6.500e+10,3.834e+1,8.986e+0,1.180e+0,4.684e-4
blood_vessel,6.600e+10,3.852e+1,8.890e+0,1.180e+0,4.637e-4
blood_vessel,6.700e+10,3.870e+1,8.797e+0,1.181e+0,4.591e-4
blood_vessel,6.800e+10,3.888e+1,8.707e+0,1.181e+0,4.547e-4
blood_vessel,6.900e+10,3.905e+1,8.620e+0,1.180e+0,4.504e-4
blood_vessel,7.000e+10,3.922e+1,8.535e+0,1.180e+0,4.462e-4
blood_vessel,7.100e+10,3.939e+1,8.453e+0,1.180e+0,4.422e-4
blood_vessel,7.200e+10,3.955e+1,8.374e+0,1.179e+0,4.383e-4
blood_vessel,7.300e+10,3.971e+1,8.297e+0,1.179e+0,4.345e-4
blood_vessel,7.400e+10,3.987e+1,8.223e+0,1.178e+0,4.308e-4
blood_vessel,7.500e+10,4.002e+1,8.150e+0,1.177e+0,4.272e-4
blood_vessel,7.600e+10,4.016e+1,8.080e+0,1.176e+0,4.237e-4
blood_vessel,7.700e+10,4.031e+1,8.012e+0,1.175e+0,4.203e-4
blood_vessel,7.800e+10,4.045e+1,7.946e+0,1.173e+0,4.170e-4
blood_vessel,7.900e+10,4.059e+1,7.882e+0,1.172e+0,4.138e-4
blood_vessel,8.000e+10,4.073e+1,7.819e+0,1.170e+0,4.107e-4
blood_vessel,8.100e+10,4.087e+1,7.759e+0,1.169e+0,4.076e-4
blood_vessel,8.200e+10,4.100e+1,7.700e+0,1.167e+0,4.047e-4
blood_vessel,8.300e+10,4.113e+1,7.642e+0,1.165e+0,4.018e-4
blood_vessel,8.400e+10,4.126e+1,7.586e+0,1.164e+0,3.990e-4
blood_vessel,8.500e+10,4.138e+1,7.532e+0,1.162e+0,3.962e-4
blood_vessel,8.600e+10,4.150e+1,7.479e+0,1.160e+0,3.936e-4
blood_vessel,8.700e+10,4.162e+1,7.428e+0,1.158e+0,3.909e-4
blood_vessel,8.800e+10,4.174e+1,7.377e+0,1.156e+0,3.884e-4
blood_vessel,8.900e+10,4.186e+1,7.329e+0,1.154e+0,3.859e-4
blood_vessel,9.000e+10,4.197e+1,7.281e+0,1.151e+0,3.835e-4
blood_vessel,9.100e+10,4.209e+1,7.234e+0,1.149e+0,3.811e-4
blood_vessel,9.200e+10,4.220e+1,7.189e+0,1.147e+0,3.788e-4
blood_vessel,9.300e+10,4.231e+1,7.145e+0,1.145e+0,3.765e-4
blood_vessel,9.400e+10,4.241e+1,7.102e+0,1.142e+0,3.743e-4
blood_vessel,9.500e+10,4.252e+1,7.060e+0,1.140e+0,3.721e-4
blood_vessel,9.600e+10,4.262e+1,7.019e+0,1.137e+0,3.700e-4
blood_vessel,9.700e+10,4.273e+1,6.979e+0,1.135e+0,3.679e-4
blood_vessel,9.800e+10,4.283e+1,6.940e+0,1.132e+0,3.659e-4
blood_vessel,9.900e+10,4.292e+1,6.901e+0,1.129e+0,3.639e-4
blood_vessel,1.000e+11,4.302e+1,6.864e+0,1.127e+0,3.619e-4
body_fluid,1.000e+9,1.667e+0,6.888e+1,4.351e-1,2.702e-2
body_fluid,2.000e+9,2.156e+0,6.847e+1,2.829e-1,2.058e-2
body_fluid,3.000e+9,2.956e+0,6.782e+1,2.612e-1,1.491e-2
body_fluid,4.000e+9,4.049e+0,6.692e+1,2.719e-1,1.082e-2
body_fluid,5.000e+9,5.411e+0,6.581e+1,2.956e-1,8.044e-3
body_fluid,6.000e+9,7.011e+0,6.450e+1,3.256e-1,6.159e-3
body_fluid,7.000e+9,8.817e+0,6.303e+1,3.593e-1,4.854e-3
body_fluid,8.000e+9,1.079e+1,6.141e+1,3.950e-1,3.926e-3
body_fluid,9.000e+9,1.291e+1,5.968e+1,4.320e-1,3.247e-3
body_fluid,1.000e+10,1.513e+1,5.787e+1,4.698e-1,2.739e-3
body_fluid,1.100e+10,1.741e+1,5.600e+1,5.082e-1,2.350e-3
body_fluid,1.200e+10,1.975e+1,5.410e+1,5.467e-1,2.045e-3
body_fluid,1.300e+10,2.209e+1,5.218e+1,5.854e-1,1.803e-3
body_fluid,1.400e+10,2.443e+1,5.027e+1,6.241e-1,1.608e-3
body_fluid,1.500e+10,2.675e+1,4.837e+1,6.627e-1,1.448e-3
body_fluid,1.600e+10,2.902e+1,4.652e+1,7.010e-1,1.315e-3
body_fluid,1.700e+10,3.125e+1,4.470e+1,7.391e-1,1.203e-3
body_fluid,1.800e+10,3.340e+1,4.294e+1,7.769e-1,1.109e-3
body_fluid,1.900e+10,3.549e+1,4.123e+1,8.143e-1,1.028e-3
body_fluid,2.000e+10,3.750e+1,3.959e+1,8.513e-1,9.579e-4
body_fluid,2.100e+10,3.943e+1,3.801e+1,8.879e-1,8.973e-4
body_fluid,2.200e+10,4.128e+1,3.650e+1,9.240e-1,8.443e-4
body_fluid,2.300e+10,4.305e+1,3.506e+1,9.597e-1,7.975e-4
body_fluid,2.400e+10,4.473e+1,3.368e+1,9.947e-1,7.561e-4
body_fluid,2.500e+10,4.634e+1,3.237e+1,1.029e+0,7.192e-4
body_fluid,2.600e+10,4.787e+1,3.112e+1,1.063e+0,6.862e-4
body_fluid,2.700e+10,4.931e+1,2.994e+1,1.097e+0,6.564e-4
body_fluid,2.800e+10,5.069e+1,2.881e+1,1.129e+0,6.296e-4
body_fluid,2.900e+10,5.200e+1,2.775e+1,1.162e+0,6.052e-4
body_fluid,3.000e+10,5.324e+1,2.673e+1,1.193e+0,5.830e-4
body_fluid,3.100e+10,5.441e+1,2.577e+1,1.224e+0,5.626e-4
body_fluid,3.200e+10,5.552e+1,2.486e+1,1.254e+0,5.440e-4
body_fluid,3.300e+10,5.658e+1,2.400e+1,1.284e+0,5.269e-4
body_fluid,3.400e+10,5.758e+1,2.318e+1,1.313e+0,5.111e-4
body_fluid,3.500e+10,5.853e+1,2.241e+1,1.341e+0,4.964e-4
body_fluid,3.600e+10,5.943e+1,2.168e+1,1.369e+0,4.828e-4
body_fluid,3.700e+10,6.028e+1,2.098e+1,1.396e+0,4.702e-4
body_fluid,3.800e+10,6.109e+1,2.032e+1,1.422e+0,4.584e-4
body_fluid,3.900e+10,6.185e+1,1.969e+1,1.448e+0,4.474e-4
body_fluid,4.000e+10,6.258e+1,1.910e+1,1.473e+0,4.370e-4
body_fluid,4.100e+10,6.327e+1,1.853e+1,1.497e+0,4.274e-4
body_fluid,4.200e+10,6.393e+1,1.800e+1,1.520e+0,4.183e-4
body_fluid,4.300e+10,6.456e+1,1.749e+1,1.543e+0,4.097e-4
body_fluid,4.400e+10,6.515e+1,1.700e+1,1.565e+0,4.016e-4
body_fluid,4.500e+10,6.571e+1,1.654e+1,1.587e+0,3.940e-4
body_fluid,4.600e+10,6.625e+1,1.610e+1,1.608e+0,3.868e-4
body_fluid,4.700e+10,6.676e+1,1.568e+1,1.628e+0,3.799e-4
body_fluid,4.800e+10,6.725e+1,1.529e+1,1.648e+0,3.734e-4
body_fluid,4.900e+10,6.771e+1,1.491e+1,1.667e+0,3.672e-4
body_fluid,5.000e+10,6.816e+1,1.454e+1,1.685e+0,3.613e-4
body_fluid,5.100e+10,6.858e+1,1.420e+1,1.702e+0,3.557e-4
body_fluid,5.200e+10,6.898e+1,1.387e+1,1.719e+0,3.504e-4
body_fluid,5.300e+10,6.937e+1,1.355e+1,1.736e+0,3.453e-4
body_fluid,5.400e+10,6.973e+1,1.325e+1,1.751e+0,3.404e-4
body_fluid,5.500e+10,7.009e+1,1.297e+1,1.767e+0,3.357e-4
body_fluid,5.600e+10,7.042e+1,1.269e+1,1.781e+0,3.312e-4
body_fluid,5.700e+10,7.075e+1,1.243e+1,1.795e+0,3.270e-4
body_fluid,5.800e+10,7.105e+1,1.218e+1,1.809e+0,3.228e-4
body_fluid,5.900e+10,7.135e+1,1.194e+1,1.821e+0,3.189e-4
body_fluid,6.000e+10,7.163e+1,1.170e+1,1.834e+0,3.151e-4
body_fluid,6.100e+10,7.190e+1,1.148e+1,1.845e+0,3.114e-4
body_fluid,6.200e+10,7.216e+1,1.127e+1,1.857e+0,3.079e-4
body_fluid,6.300e+10,7.241e+1,1.107e+1,1.867e+0,3.045e-4
body_fluid,6.400e+10,7.265e+1,1.087e+1,1.877e+0,3.012e-4
body_fluid,6.500e+10,7.288e+1,1.068e+1,1.887e+0,2.981e-4
body_fluid,6.600e+10,7.311e+1,1.050e+1,1.896e+0,2.950e-4
body_fluid,6.700e+10,7.332e+1,1.033e+1,1.905e+0,2.921e-4
body_fluid,6.800e+10,7.352e+1,1.016e+1,1.913e+0,2.892e-4
body_fluid,6.900e+10,7.372e+1,9.999e+0,1.921e+0,2.865e-4
body_fluid,7.000e+10,7.391e+1,9.844e+0,1.928e+0,2.838e-4
body_fluid,7.100e+10,7.409e+1,9.695e+0,1.935e+0,2.812e-4
body_fluid,7.200e+10,7.427e+1,9.551e+0,1.941e+0,2.787e-4
body_fluid,7.300e+10,7.444e+1,9.413e+0,1.947e+0,2.763e-4
body_fluid,7.400e+10,7.460e+1,9.279e+0,1.953e+0,2.739e-4
body_fluid,7.500e+10,7.476e+1,9.150e+0,1.958e+0,2.717e-4
body_fluid,7.600e+10,7.491e+1,9.026e+0,1.963e+0,2.694e-4
body_fluid,7.700e+10,7.506e+1,8.906e+0,1.967e+0,2.673e-4
body_fluid,7.800e+10,7.520e+1,8.790e+0,1.971e+0,2.652e-4
body_fluid,7.900e+10,7.533e+1,8.679e+0,1.975e+0,2.632e-4
body_fluid,8.000e+10,7.547e+1,8.571e+0,1.979e+0,2.612e-4
body_fluid,8.100e+10,7.559e+1,8.466e+0,1.982e+0,2.592e-4
body_fluid,8.200e+10,7.572e+1,8.365e+0,1.984e+0,2.574e-4
body_fluid,8.300e+10,7.584e+1,8.267e+0,1.987e+0,2.555e-4
body_fluid,8.400e+10,7.595e+1,8.173e+0,1.989e+0,2.538e-4
body_fluid,8.500e+10,7.607e+1,8.081e+0,1.990e+0,2.520e-4
body_fluid,8.600e+10,7.617e+1,7.993e+0,1.992e+0,2.503e-4
body_fluid,8.700e+10,7.628e+1,7.907e+0,1.993e+0,2.487e-4
body_fluid,8.800e+10,7.638e+1,7.824e+0,1.994e+0,2.471e-4
body_fluid,8.900e+10,7.648e+1,7.744e+0,1.995e+0,2.455e-4
body_fluid,9.000e+10,7.658e+1,7.665e+0,1.995e+0,2.440e-4
body_fluid,9.100e+10,7.667e+1,7.590e+0,1.995e+0,2.425e-4
body_fluid,9.200e+10,7.676e+1,7.516e+0,1.995e+0,2.410e-4
body_fluid,9.300e+10,7.684e+1,7.445e+0,1.995e+0,2.396e-4
body_fluid,9.400e+10,7.693e+1,7.376e+0,1.995e+0,2.382e-4
body_fluid,9.500e+10,7.701e+1,7.309e+0,1.994e+0,2.368e-4
body_fluid,9.600e+10,7.709e+1,7.244e+0,1.993e+0,2.355e-4
body_fluid,9.700e+10,7.717e+1,7.180e+0,1.992e+0,2.342e-4
body_fluid,9.800e+10,7.724e+1,7.119e+0,1.990e+0,2.329e-4
body_fluid,9.900e+10,7.732e+1,7.059e+0,1.989e+0,2.317e-4
body_fluid,1.000e+11,7.739e+1,7.001e+0,1.987e+0,2.305e-4
bone_cancellous,1.000e+9,3.639e-1,2.058e+1,3.178e-1,6.699e-2
bone_cancellous,2.000e+9,6.522e-1,1.909e+1,3.071e-1,3.597e-2
bone_cancellous,3.000e+9,1.006e+0,1.794e+1,3.360e-1,2.266e-2
bone_cancellous,4.000e+9,1.399e+0,1.695e+1,3.710e-1,1.588e-2
bone_cancellous,5.000e+9,1.812e+0,1.605e+1,4.058e-1,1.197e-2
bone_cancellous,6.000e+9,2.232e+0,1.524e+1,4.388e-1,9.497e-3
bone_cancellous,7.000e+9,2.651e+0,1.450e+1,4.695e-1,7.822e-3
bone_cancellous,8.000e+9,3.064e+0,1.383e+1,4.978e-1,6.629e-3
bone_cancellous,9.000e+9,3.468e+0,1.322e+1,5.239e-1,5.743e-3
bone_cancellous,1.000e+10,3.859e+0,1.266e+1,5.479e-1,5.064e-3
bone_cancellous,1.100e+10,4.238e+0,1.215e+1,5.699e-1,4.529e-3
bone_cancellous,1.200e+10,4.602e+0,1.168e+1,5.901e-1,4.098e-3
bone_cancellous,1.300e+10,4.954e+0,1.125e+1,6.087e-1,3.745e-3
bone_cancellous,1.400e+10,5.291e+0,1.086e+1,6.258e-1,3.451e-3
bone_cancellous,1.500e+10,5.616e+0,1.049e+1,6.415e-1,3.203e-3
bone_cancellous,1.600e+10,5.928e+0,1.015e+1,6.559e-1,2.990e-3
bone_cancellous,1.700e+10,6.227e+0,9.841e+0,6.691e-1,2.807e-3
bone_cancellous,1.800e+10,6.515e+0,9.551e+0,6.812e-1,2.647e-3
bone_cancellous,1.900e+10,6.792e+0,9.281e+0,6.924e-1,2.507e-3
bone_cancellous,2.000e+10,7.059e+0,9.030e+0,7.026e-1,2.382e-3
bone_cancellous,2.100e+10,7.315e+0,8.795e+0,7.119e-1,2.271e-3
bone_cancellous,2.200e+10,7.563e+0,8.576e+0,7.205e-1,2.172e-3
bone_cancellous,2.300e+10,7.801e+0,8.370e+0,7.284e-1,2.082e-3
bone_cancellous,2.400e+10,8.031e+0,8.177e+0,7.356e-1,2.001e-3
bone_cancellous,2.500e+10,8.253e+0,7.996e+0,7.421e-1,1.927e-3
bone_cancellous,2.600e+10,8.468e+0,7.826e+0,7.481e-1,1.860e-3
bone_cancellous,2.700e+10,8.675e+0,7.665e+0,7.535e-1,1.798e-3
bone_cancellous,2.800e+10,8.876e+0,7.513e+0,7.584e-1,1.741e-3
bone_cancellous,2.900e+10,9.071e+0,7.370e+0,7.629e-1,1.688e-3
bone_cancellous,3.000e+10,9.259e+0,7.234e+0,7.669e-1,1.639e-3
bone_cancellous,3.100e+10,9.442e+0,7.106e+0,7.706e-1,1.594e-3
bone_cancellous,3.200e+10,9.620e+0,6.983e+0,7.738e-1,1.552e-3
bone_cancellous,3.300e+10,9.792e+0,6.867e+0,7.767e-1,1.512e-3
bone_cancellous,3.400e+10,9.960e+0,6.757e+0,7.793e-1,1.475e-3
bone_cancellous,3.500e+10,1.012e+1,6.652e+0,7.815e-1,1.441e-3
bone_cancellous,3.600e+10,1.028e+1,6.552e+0,7.835e-1,1.408e-3
bone_cancellous,3.700e+10,1.044e+1,6.457e+0,7.852e-1,1.378e-3
bone_cancellous,3.800e+10,1.059e+1,6.366e+0,7.866e-1,1.349e-3
bone_cancellous,3.900e+10,1.073e+1,6.279e+0,7.878e-1,1.321e-3
bone_cancellous,4.000e+10,1.088e+1,6.196e+0,7.888e-1,1.296e-3
bone_cancellous,4.100e+10,1.102e+1,6.116e+0,7.896e-1,1.271e-3
bone_cancellous,4.200e+10,1.115e+1,6.040e+0,7.902e-1,1.248e-3
bone_cancellous,4.300e+10,1.128e+1,5.966e+0,7.906e-1,1.226e-3
bone_cancellous,4.400e+10,1.141e+1,5.896e+0,7.909e-1,1.204e-3
bone_cancellous,4.500e+10,1.154e+1,5.829e+0,7.910e-1,1.184e-3
bone_cancellous,4.600e+10,1.167e+1,5.764e+0,7.909e-1,1.165e-3
bone_cancellous,4.700e+10,1.179e+1,5.701e+0,7.907e-1,1.147e-3
bone_cancellous,4.800e+10,1.191e+1,5.641e+0,7.904e-1,1.129e-3
bone_cancellous,4.900e+10,1.202e+1,5.583e+0,7.899e-1,1.113e-3
bone_cancellous,5.000e+10,1.214e+1,5.528e+0,7.894e-1,1.097e-3
bone_cancellous,5.100e+10,1.225e+1,5.474e+0,7.887e-1,1.081e-3
bone_cancellous,5.200e+10,1.236e+1,5.422e+0,7.879e-1,1.066e-3
bone_cancellous,5.300e+10,1.247e+1,5.372e+0,7.871e-1,1.052e-3
bone_cancellous,5.400e+10,1.257e+1,5.324e+0,7.861e-1,1.038e-3
bone_cancellous,5.500e+10,1.268e+1,5.277e+0,7.851e-1,1.025e-3
bone_cancellous,5.600e+10,1.278e+1,5.232e+0,7.840e-1,1.013e-3
bone_cancellous,5.700e+10,1.288e+1,5.188e+0,7.828e-1,1.000e-3
bone_cancellous,5.800e+10,1.298e+1,5.146e+0,7.815e-1,9.885e-4
bone_cancellous,5.900e+10,1.307e+1,5.104e+0,7.802e-1,9.772e-4
bone_cancellous,6.000e+10,1.317e+1,5.065e+0,7.789e-1,9.662e-4
bone_cancellous,6.100e+10,1.326e+1,5.026e+0,7.774e-1,9.555e-4
bone_cancellous,6.200e+10,1.335e+1,4.989e+0,7.759e-1,9.452e-4
bone_cancellous,6.300e+10,1.344e+1,4.953e+0,7.744e-1,9.353e-4
bone_cancellous,6.400e+10,1.353e+1,4.918e+0,7.728e-1,9.256e-4
bone_cancellous,6.500e+10,1.362e+1,4.883e+0,7.712e-1,9.163e-4
bone_cancellous,6.600e+10,1.370e+1,4.850e+0,7.696e-1,9.072e-4
bone_cancellous,6.700e+10,1.379e+1,4.818e+0,7.679e-1,8.985e-4
bone_cancellous,6.800e+10,1.387e+1,4.786e+0,7.661e-1,8.899e-4
bone_cancellous,6.900e+10,1.396e+1,4.756e+0,7.644e-1,8.817e-4
bone_cancellous,7.000e+10,1.404e+1,4.726e+0,7.626e-1,8.736e-4
bone_cancellous,7.100e+10,1.412e+1,4.697e+0,7.608e-1,8.658e-4
bone_cancellous,7.200e+10,1.419e+1,4.669e+0,7.590e-1,8.582e-4
bone_cancellous,7.300e+10,1.427e+1,4.642e+0,7.571e-1,8.508e-4
bone_cancellous,7.400e+10,1.435e+1,4.615e+0,7.552e-1,8.437e-4
bone_cancellous,7.500e+10,1.442e+1,4.589e+0,7.533e-1,8.366e-4
bone_cancellous,7.600e+10,1.450e+1,4.564e+0,7.514e-1,8.298e-4
bone_cancellous,7.700e+10,1.457e+1,4.539e+0,7.494e-1,8.232e-4
bone_cancellous,7.800e+10,1.464e+1,4.515e+0,7.475e-1,8.167e-4
bone_cancellous,7.900e+10,1.472e+1,4.491e+0,7.455e-1,8.104e-4
bone_cancellous,8.000e+10,1.479e+1,4.468e+0,7.436e-1,8.043e-4
bone_cancellous,8.100e+10,1.486e+1,4.446e+0,7.416e-1,7.983e-4
bone_cancellous,8.200e+10,1.493e+1,4.424e+0,7.396e-1,7.924e-4
bone_cancellous,8.300e+10,1.499e+1,4.403e+0,7.376e-1,7.867e-4
bone_cancellous,8.400e+10,1.506e+1,4.382e+0,7.356e-1,7.811e-4
bone_cancellous,8.500e+10,1.513e+1,4.361e+0,7.335e-1,7.756e-4
bone_cancellous,8.600e+10,1.519e+1,4.341e+0,7.315e-1,7.703e-4
bone_cancellous,8.700e+10,1.526e+1,4.322e+0,7.295e-1,7.651e-4
bone_cancellous,8.800e+10,1.532e+1,4.303e+0,7.274e-1,7.600e-4
bone_cancellous,8.900e+10,1.539e+1,4.284e+0,7.254e-1,7.550e-4
bone_cancellous,9.000e+10,1.545e+1,4.266e+0,7.234e-1,7.501e-4
bone_cancellous,9.100e+10,1.551e+1,4.248e+0,7.213e-1,7.454e-4
bone_cancellous,9.200e+10,1.557e+1,4.230e+0,7.193e-1,7.407e-4
bone_cancellous,9.300e+10,1.563e+1,4.213e+0,7.172e-1,7.361e-4
bone_cancellous,9.400e+10,1.569e+1,4.196e+0,7.152e-1,7.316e-4
bone_cancellous,9.500e+10,1.575e+1,4.180e+0,7.131e-1,7.272e-4
bone_cancellous,9.600e+10,1.581e+1,4.163e+0,7.111e-1,7.229e-4
bone_cancellous,9.700e+10,1.587e+1,4.148e+0,7.090e-1,7.187e-4
bone_cancellous,9.800e+10,1.593e+1,4.132e+0,7.070e-1,7.146e-4
bone_cancellous,9.900e+10,1.598e+1,4.117e+0,7.050e-1,7.105e-4
bone_cancellous,1.000e+11,1.604e+1,4.102e+0,7.029e-1,7.066e-4
bone_cortical,1.000e+9,1.557e-1,1.236e+1,2.263e-1,1.207e-1
bone_cortical,2.000e+9,3.101e-1,1.165e+1,2.391e-1,5.886e-2
bone_cortical,3.000e+9,5.062e-1,1.107e+1,2.741e-1,3.520e-2
bone_cortical,4.000e+9,7.275e-1,1.053e+1,3.104e-1,2.396e-2
bone_cortical,5.000e+9,9.623e-1,1.004e+1,3.446e-1,1.773e-2
bone_cortical,6.000e+9,1.203e+0,9.587e+0,3.758e-1,1.390e-2
bone_cortical,7.000e+9,1.443e+0,9.171e+0,4.041e-1,1.136e-2
bone_cortical,8.000e+9,1.680e+0,8.790e+0,4.295e-1,9.572e-3
bone_cortical,9.000e+9,1.912e+0,8.440e+0,4.523e-1,8.263e-3
bone_cortical,1.000e+10,2.136e+0,8.120e+0,4.728e-1,7.268e-3
bone_cortical,1.100e+10,2.352e+0,7.826e+0,4.912e-1,6.491e-3
bone_cortical,1.200e+10,2.561e+0,7.556e+0,5.076e-1,5.870e-3
bone_cortical,1.300e+10,2.760e+0,7.308e+0,5.223e-1,5.363e-3
bone_cortical,1.400e+10,2.952e+0,7.080e+0,5.353e-1,4.943e-3
bone_cortical,1.500e+10,3.135e+0,6.870e+0,5.470e-1,4.590e-3
bone_cortical,1.600e+10,3.311e+0,6.676e+0,5.573e-1,4.290e-3
bone_cortical,1.700e+10,3.480e+0,6.496e+0,5.664e-1,4.031e-3
bone_cortical,1.800e+10,3.641e+0,6.329e+0,5.745e-1,3.806e-3
bone_cortical,1.900e+10,3.796e+0,6.174e+0,5.816e-1,3.609e-3
bone_cortical,2.000e+10,3.944e+0,6.030e+0,5.879e-1,3.435e-3
bone_cortical,2.100e+10,4.087e+0,5.896e+0,5.933e-1,3.280e-3
bone_cortical,2.200e+10,4.223e+0,5.771e+0,5.980e-1,3.142e-3
bone_cortical,2.300e+10,4.355e+0,5.653e+0,6.020e-1,3.017e-3
bone_cortical,2.400e+10,4.481e+0,5.544e+0,6.054e-1,2.905e-3
bone_cortical,2.500e+10,4.603e+0,5.441e+0,6.083e-1,2.803e-3
bone_cortical,2.600e+10,4.720e+0,5.344e+0,6.107e-1,2.709e-3
bone_cortical,2.700e+10,4.833e+0,5.253e+0,6.126e-1,2.624e-3
bone_cortical,2.800e+10,4.943e+0,5.167e+0,6.141e-1,2.545e-3
bone_cortical,2.900e+10,5.048e+0,5.086e+0,6.152e-1,2.473e-3
bone_cortical,3.000e+10,5.150e+0,5.010e+0,6.160e-1,2.406e-3
bone_cortical,3.100e+10,5.249e+0,4.937e+0,6.164e-1,2.344e-3
bone_cortical,3.200e+10,5.344e+0,4.869e+0,6.166e-1,2.286e-3
bone_cortical,3.300e+10,5.437e+0,4.804e+0,6.165e-1,2.232e-3
bone_cortical,3.400e+10,5.527e+0,4.742e+0,6.162e-1,2.181e-3
bone_cortical,3.500e+10,5.614e+0,4.684e+0,6.156e-1,2.134e-3
bone_cortical,3.600e+10,5.698e+0,4.628e+0,6.148e-1,2.090e-3
bone_cortical,3.700e+10,5.780e+0,4.575e+0,6.139e-1,2.048e-3
bone_cortical,3.800e+10,5.860e+0,4.524e+0,6.128e-1,2.008e-3
bone_cortical,3.900e+10,5.938e+0,4.476e+0,6.115e-1,1.971e-3
bone_cortical,4.000e+10,6.013e+0,4.430e+0,6.101e-1,1.936e-3
bone_cortical,4.100e+10,6.087e+0,4.386e+0,6.086e-1,1.903e-3
bone_cortical,4.200e+10,6.159e+0,4.343e+0,6.069e-1,1.871e-3
bone_cortical,4.300e+10,6.229e+0,4.303e+0,6.051e-1,1.841e-3
bone_cortical,4.400e+10,6.297e+0,4.264e+0,6.033e-1,1.813e-3
bone_cortical,4.500e+10,6.364e+0,4.227e+0,6.014e-1,1.785e-3
bone_cortical,4.600e+10,6.429e+0,4.191e+0,5.994e-1,1.759e-3
bone_cortical,4.700e+10,6.492e+0,4.157e+0,5.973e-1,1.734e-3
bone_cortical,4.800e+10,6.554e+0,4.124e+0,5.952e-1,1.711e-3
bone_cortical,4.900e+10,6.615e+0,4.092e+0,5.930e-1,1.688e-3
bone_cortical,5.000e+10,6.674e+0,4.062e+0,5.907e-1,1.666e-3
bone_cortical,5.100e+10,6.732e+0,4.032e+0,5.884e-1,1.646e-3
bone_cortical,5.200e+10,6.789e+0,4.004e+0,5.861e-1,1.626e-3
bone_cortical,5.300e+10,6.845e+0,3.977e+0,5.838e-1,1.606e-3
bone_cortical,5.400e+10,6.900e+0,3.951e+0,5.814e-1,1.588e-3
bone_cortical,5.500e+10,6.953e+0,3.925e+0,5.789e-1,1.570e-3
bone_cortical,5.600e+10,7.006e+0,3.901e+0,5.765e-1,1.553e-3
bone_cortical,5.700e+10,7.057e+0,3.877e+0,5.740e-1,1.537e-3
bone_cortical,5.800e+10,7.108e+0,3.854e+0,5.716e-1,1.521e-3
bone_cortical,5.900e+10,7.157e+0,3.832e+0,5.691e-1,1.506e-3
bone_cortical,6.000e+10,7.206e+0,3.810e+0,5.666e-1,1.491e-3
bone_cortical,6.100e+10,7.254e+0,3.789e+0,5.641e-1,1.477e-3
bone_cortical,6.200e+10,7.301e+0,3.769e+0,5.615e-1,1.463e-3
bone_cortical,6.300e+10,7.347e+0,3.750e+0,5.590e-1,1.449e-3
bone_cortical,6.400e+10,7.392e+0,3.731e+0,5.565e-1,1.436e-3
bone_cortical,6.500e+10,7.437e+0,3.712e+0,5.540e-1,1.424e-3
bone_cortical,6.600e+10,7.480e+0,3.695e+0,5.514e-1,1.412e-3
bone_cortical,6.700e+10,7.524e+0,3.677e+0,5.489e-1,1.400e-3
bone_cortical,6.800e+10,7.566e+0,3.660e+0,5.464e-1,1.389e-3
bone_cortical,6.900e+10,7.608e+0,3.644e+0,5.439e-1,1.377e-3
bone_cortical,7.000e+10,7.649e+0,3.628e+0,5.414e-1,1.367e-3
bone_cortical,7.100e+10,7.689e+0,3.613e+0,5.389e-1,1.356e-3
bone_cortical,7.200e+10,7.729e+0,3.598e+0,5.364e-1,1.346e-3
bone_cortical,7.300e+10,7.769e+0,3.583e+0,5.339e-1,1.336e-3
bone_cortical,7.400e+10,7.807e+0,3.569e+0,5.314e-1,1.326e-3
bone_cortical,7.500e+10,7.846e+0,3.555e+0,5.289e-1,1.317e-3
bone_cortical,7.600e+10,7.883e+0,3.541e+0,5.265e-1,1.308e-3
bone_cortical,7.700e+10,7.920e+0,3.528e+0,5.240e-1,1.299e-3
bone_cortical,7.800e+10,7.957e+0,3.515e+0,5.216e-1,1.290e-3
bone_cortical,7.900e+10,7.993e+0,3.503e+0,5.192e-1,1.282e-3
bone_cortical,8.000e+10,8.028e+0,3.491e+0,5.168e-1,1.274e-3
bone_cortical,8.100e+10,8.064e+0,3.479e+0,5.144e-1,1.266e-3
bone_cortical,8.200e+10,8.098e+0,3.467e+0,5.120e-1,1.258e-3
bone_cortical,8.300e+10,8.133e+0,3.456e+0,5.097e-1,1.250e-3
bone_cortical,8.400e+10,8.166e+0,3.445e+0,5.073e-1,1.243e-3
bone_cortical,8.500e+10,8.200e+0,3.434e+0,5.050e-1,1.235e-3
bone_cortical,8.600e+10,8.233e+0,3.423e+0,5.027e-1,1.228e-3
bone_cortical,8.700e+10,8.265e+0,3.413e+0,5.003e-1,1.221e-3
bone_cortical,8.800e+10,8.297e+0,3.403e+0,4.981e-1,1.214e-3
bone_cortical,8.900e+10,8.329e+0,3.393e+0,4.958e-1,1.208e-3
bone_cortical,9.000e+10,8.360e+0,3.384e+0,4.935e-1,1.201e-3
bone_cortical,9.100e+10,8.391e+0,3.374e+0,4.913e-1,1.195e-3
bone_cortical,9.200e+10,8.422e+0,3.365e+0,4.890e-1,1.189e-3
bone_cortical,9.300e+10,8.452e+0,3.356e+0,4.868e-1,1.182e-3
bone_cortical,9.400e+10,8.482e+0,3.347e+0,4.847e-1,1.176e-3
bone_cortical,9.500e+10,8.512e+0,3.338e+0,4.825e-1,1.171e-3
bone_cortical,9.600e+10,8.541e+0,3.330e+0,4.803e-1,1.165e-3
bone_cortical,9.700e+10,8.570e+0,3.321e+0,4.782e-1,1.159e-3
bone_cortical,9.800e+10,8.599e+0,3.313e+0,4.760e-1,1.154e-3
bone_cortical,9.900e+10,8.627e+0,3.305e+0,4.739e-1,1.148e-3
bone_cortical,1.000e+11,8.655e+0,3.297e+0,4.718e-1,1.143e-3
bone_marrow,1.000e+9,4.280e-2,5.485e+0,1.403e-1,2.912e-1
bone_marrow,2.000e+9,7.615e-2,5.348e+0,1.280e-1,1.615e-1
bone_marrow,3.000e+9,1.208e-1,5.238e+0,1.382e-1,1.008e-1
bone_marrow,4.000e+9,1.741e-1,5.136e+0,1.524e-1,6.929e-2
bone_marrow,5.000e+9,2.338e-1,5.038e+0,1.668e-1,5.114e-2
bone_marrow,6.000e+9,2.981e-1,4.944e+0,1.806e-1,3.976e-2
bone_marrow,7.000e+9,3.656e-1,4.854e+0,1.934e-1,3.214e-2
bone_marrow,8.000e+9,4.353e-1,4.768e+0,2.051e-1,2.677e-2
bone_marrow,9.000e+9,5.063e-1,4.686e+0,2.158e-1,2.283e-2
bone_marrow,1.000e+10,5.779e-1,4.607e+0,2.255e-1,1.984e-2
bone_marrow,1.100e+10,6.495e-1,4.532e+0,2.342e-1,1.752e-2
bone_marrow,1.200e+10,7.208e-1,4.461e+0,2.420e-1,1.567e-2
bone_marrow,1.300e+10,7.914e-1,4.393e+0,2.491e-1,1.417e-2
bone_marrow,1.400e+10,8.611e-1,4.329e+0,2.554e-1,1.293e-2
bone_marrow,1.500e+10,9.296e-1,4.268e+0,2.610e-1,1.190e-2
bone_marrow,1.600e+10,9.969e-1,4.210e+0,2.660e-1,1.102e-2
bone_marrow,1.700e+10,1.063e+0,4.155e+0,2.705e-1,1.027e-2
bone_marrow,1.800e+10,1.127e+0,4.103e+0,2.744e-1,9.626e-3
bone_marrow,1.900e+10,1.190e+0,4.053e+0,2.779e-1,9.063e-3
bone_marrow,2.000e+10,1.252e+0,4.005e+0,2.809e-1,8.568e-3
bone_marrow,2.100e+10,1.312e+0,3.961e+0,2.836e-1,8.131e-3
bone_marrow,2.200e+10,1.371e+0,3.918e+0,2.858e-1,7.743e-3
bone_marrow,2.300e+10,1.428e+0,3.877e+0,2.878e-1,7.395e-3
bone_marrow,2.400e+10,1.483e+0,3.838e+0,2.895e-1,7.083e-3
bone_marrow,2.500e+10,1.538e+0,3.801e+0,2.909e-1,6.800e-3
bone_marrow,2.600e+10,1.591e+0,3.766e+0,2.920e-1,6.544e-3
bone_marrow,2.700e+10,1.642e+0,3.732e+0,2.929e-1,6.311e-3
bone_marrow,2.800e+10,1.692e+0,3.700e+0,2.936e-1,6.098e-3
bone_marrow,2.900e+10,1.741e+0,3.670e+0,2.941e-1,5.902e-3
bone_marrow,3.000e+10,1.789e+0,3.640e+0,2.945e-1,5.722e-3
bone_marrow,3.100e+10,1.835e+0,3.612e+0,2.946e-1,5.555e-3
bone_marrow,3.200e+10,1.881e+0,3.585e+0,2.947e-1,5.401e-3
bone_marrow,3.300e+10,1.925e+0,3.560e+0,2.946e-1,5.258e-3
bone_marrow,3.400e+10,1.968e+0,3.535e+0,2.944e-1,5.125e-3
bone_marrow,3.500e+10,2.010e+0,3.511e+0,2.940e-1,5.000e-3
bone_marrow,3.600e+10,2.051e+0,3.489e+0,2.936e-1,4.884e-3
bone_marrow,3.700e+10,2.092e+0,3.467e+0,2.931e-1,4.775e-3
bone_marrow,3.800e+10,2.131e+0,3.446e+0,2.925e-1,4.673e-3
bone_marrow,3.900e+10,2.169e+0,3.426e+0,2.918e-1,4.577e-3
bone_marrow,4.000e+10,2.207e+0,3.406e+0,2.911e-1,4.486e-3
bone_marrow,4.100e+10,2.243e+0,3.388e+0,2.903e-1,4.401e-3
bone_marrow,4.200e+10,2.279e+0,3.370e+0,2.894e-1,4.320e-3
bone_marrow,4.300e+10,2.314e+0,3.353e+0,2.885e-1,4.244e-3
bone_marrow,4.400e+10,2.348e+0,3.336e+0,2.876e-1,4.171e-3
bone_marrow,4.500e+10,2.382e+0,3.320e+0,2.866e-1,4.102e-3
bone_marrow,4.600e+10,2.414e+0,3.304e+0,2.855e-1,4.037e-3
bone_marrow,4.700e+10,2.446e+0,3.289e+0,2.845e-1,3.974e-3
bone_marrow,4.800e+10,2.478e+0,3.275e+0,2.834e-1,3.915e-3
bone_marrow,4.900e+10,2.509e+0,3.261e+0,2.822e-1,3.858e-3
bone_marrow,5.000e+10,2.539e+0,3.247e+0,2.811e-1,3.804e-3
bone_marrow,5.100e+10,2.568e+0,3.234e+0,2.799e-1,3.753e-3
bone_marrow,5.200e+10,2.598e+0,3.221e+0,2.787e-1,3.703e-3
bone_marrow,5.300e+10,2.626e+0,3.209e+0,2.775e-1,3.656e-3
bone_marrow,5.400e+10,2.654e+0,3.197e+0,2.763e-1,3.610e-3
bone_marrow,5.500e+10,2.681e+0,3.186e+0,2.751e-1,3.566e-3
bone_marrow,5.600e+10,2.708e+0,3.175e+0,2.738e-1,3.525e-3
bone_marrow,5.700e+10,2.735e+0,3.164e+0,2.726e-1,3.484e-3
bone_marrow,5.800e+10,2.761e+0,3.153e+0,2.713e-1,3.446e-3
bone_marrow,5.900e+10,2.786e+0,3.143e+0,2.700e-1,3.408e-3
bone_marrow,6.000e+10,2.811e+0,3.133e+0,2.688e-1,3.372e-3
bone_marrow,6.100e+10,2.836e+0,3.124e+0,2.675e-1,3.338e-3
bone_marrow,6.200e+10,2.860e+0,3.115e+0,2.662e-1,3.304e-3
bone_marrow,6.300e+10,2.884e+0,3.105e+0,2.650e-1,3.272e-3
bone_marrow,6.400e+10,2.907e+0,3.097e+0,2.637e-1,3.241e-3
bone_marrow,6.500e+10,2.930e+0,3.088e+0,2.624e-1,3.211e-3
bone_marrow,6.600e+10,2.953e+0,3.080e+0,2.611e-1,3.181e-3
bone_marrow,6.700e+10,2.975e+0,3.072e+0,2.599e-1,3.153e-3
bone_marrow,6.800e+10,2.997e+0,3.064e+0,2.586e-1,3.126e-3
bone_marrow,6.900e+10,3.019e+0,3.056e+0,2.573e-1,3.099e-3
bone_marrow,7.000e+10,3.040e+0,3.049e+0,2.561e-1,3.074e-3
bone_marrow,7.100e+10,3.061e+0,3.041e+0,2.548e-1,3.049e-3
bone_marrow,7.200e+10,3.081e+0,3.034e+0,2.535e-1,3.025e-3
bone_marrow,7.300e+10,3.102e+0,3.027e+0,2.523e-1,3.001e-3
bone_marrow,7.400e+10,3.122e+0,3.021e+0,2.511e-1,2.978e-3
bone_marrow,7.500e+10,3.142e+0,3.014e+0,2.498e-1,2.956e-3
bone_marrow,7.600e+10,3.161e+0,3.007e+0,2.486e-1,2.935e-3
bone_marrow,7.700e+10,3.180e+0,3.001e+0,2.474e-1,2.914e-3
bone_marrow,7.800e+10,3.199e+0,2.995e+0,2.462e-1,2.893e-3
bone_marrow,7.900e+10,3.218e+0,2.989e+0,2.449e-1,2.873e-3
bone_marrow,8.000e+10,3.236e+0,2.983e+0,2.437e-1,2.854e-3
bone_marrow,8.100e+10,3.254e+0,2.978e+0,2.425e-1,2.835e-3
bone_marrow,8.200e+10,3.272e+0,2.972e+0,2.414e-1,2.817e-3
bone_marrow,8.300e+10,3.290e+0,2.966e+0,2.402e-1,2.799e-3
bone_marrow,8.400e+10,3.307e+0,2.961e+0,2.390e-1,2.782e-3
bone_marrow,8.500e+10,3.325e+0,2.956e+0,2.378e-1,2.764e-3
bone_marrow,8.600e+10,3.342e+0,2.951e+0,2.367e-1,2.748e-3
bone_marrow,8.700e+10,3.358e+0,2.946e+0,2.356e-1,2.732e-3
bone_marrow,8.800e+10,3.375e+0,2.941e+0,2.344e-1,2.716e-3
bone_marrow,8.900e+10,3.391e+0,2.936e+0,2.333e-1,2.700e-3
bone_marrow,9.000e+10,3.408e+0,2.932e+0,2.322e-1,2.685e-3
bone_marrow,9.100e+10,3.424e+0,2.927e+0,2.310e-1,2.670e-3
bone_marrow,9.200e+10,3.439e+0,2.922e+0,2.299e-1,2.656e-3
bone_marrow,9.300e+10,3.455e+0,2.918e+0,2.288e-1,2.642e-3
bone_marrow,9.400e+10,3.470e+0,2.914e+0,2.278e-1,2.628e-3
bone_marrow,9.500e+10,3.486e+0,2.910e+0,2.267e-1,2.614e-3
bone_marrow,9.600e+10,3.501e+0,2.905e+0,2.256e-1,2.601e-3
bone_marrow,9.700e+10,3.516e+0,2.901e+0,2.245e-1,2.588e-3
bone_marrow,9.800e+10,3.530e+0,2.897e+0,2.235e-1,2.575e-3
bone_marrow,9.900e+10,3.545e+0,2.893e+0,2.224e-1,2.563e-3
bone_marrow,1.000e+11,3.559e+0,2.890e+0,2.214e-1,2.551e-3
brain_grey_matter,1.000e+9,9.854e-1,5.228e+1,3.388e-1,3.949e-2
brain_grey_matter,2.000e+9,1.511e+0,4.969e+1,2.733e-1,2.499e-2
brain_grey_matter,3.000e+9,2.219e+0,4.805e+1,2.767e-1,1.674e-2
brain_grey_matter,4.000e+9,3.091e+0,4.658e+1,2.982e-1,1.185e-2
brain_grey_matter,5.000e+9,4.099e+0,4.515e+1,3.264e-1,8.813e-3
brain_grey_matter,6.000e+9,5.218e+0,4.372e+1,3.575e-1,6.831e-3
brain_grey_matter,7.000e+9,6.419e+0,4.229e+1,3.897e-1,5.476e-3
brain_grey_matter,8.000e+9,7.681e+0,4.088e+1,4.222e-1,4.512e-3
brain_grey_matter,9.000e+9,8.984e+0,3.948e+1,4.545e-1,3.803e-3
brain_grey_matter,1.000e+10,1.031e+1,3.811e+1,4.863e-1,3.267e-3
brain_grey_matter,1.100e+10,1.164e+1,3.678e+1,5.174e-1,2.850e-3
brain_grey_matter,1.200e+10,1.298e+1,3.548e+1,5.478e-1,2.521e-3
brain_grey_matter,1.300e+10,1.430e+1,3.423e+1,5.775e-1,2.255e-3
brain_grey_matter,1.400e+10,1.560e+1,3.303e+1,6.063e-1,2.037e-3
brain_grey_matter,1.500e+10,1.687e+1,3.187e+1,6.343e-1,1.857e-3
brain_grey_matter,1.600e+10,1.811e+1,3.077e+1,6.614e-1,1.705e-3
brain_grey_matter,1.700e+10,1.932e+1,2.971e+1,6.876e-1,1.576e-3
brain_grey_matter,1.800e+10,2.050e+1,2.870e+1,7.131e-1,1.465e-3
brain_grey_matter,1.900e+10,2.163e+1,2.775e+1,7.376e-1,1.369e-3
brain_grey_matter,2.000e+10,2.273e+1,2.683e+1,7.614e-1,1.285e-3
brain_grey_matter,2.100e+10,2.379e+1,2.597e+1,7.843e-1,1.212e-3
brain_grey_matter,2.200e+10,2.482e+1,2.514e+1,8.065e-1,1.146e-3
brain_grey_matter,2.300e+10,2.580e+1,2.436e+1,8.279e-1,1.089e-3
brain_grey_matter,2.400e+10,2.675e+1,2.362e+1,8.485e-1,1.037e-3
brain_grey_matter,2.500e+10,2.767e+1,2.291e+1,8.683e-1,9.900e-4
brain_grey_matter,2.600e+10,2.855e+1,2.224e+1,8.875e-1,9.479e-4
brain_grey_matter,2.700e+10,2.940e+1,2.161e+1,9.059e-1,9.097e-4
brain_grey_matter,2.800e+10,3.021e+1,2.100e+1,9.236e-1,8.749e-4
brain_grey_matter,2.900e+10,3.100e+1,2.043e+1,9.407e-1,8.431e-4
brain_grey_matter,3.000e+10,3.175e+1,1.988e+1,9.570e-1,8.139e-4
brain_grey_matter,3.100e+10,3.248e+1,1.936e+1,9.728e-1,7.870e-4
brain_grey_matter,3.200e+10,3.318e+1,1.887e+1,9.879e-1,7.622e-4
brain_grey_matter,3.300e+10,3.386e+1,1.840e+1,1.002e+0,7.392e-4
brain_grey_matter,3.400e+10,3.451e+1,1.795e+1,1.016e+0,7.178e-4
brain_grey_matter,3.500e+10,3.513e+1,1.752e+1,1.030e+0,6.980e-4
brain_grey_matter,3.600e+10,3.574e+1,1.712e+1,1.043e+0,6.794e-4
brain_grey_matter,3.700e+10,3.632e+1,1.673e+1,1.055e+0,6.621e-4
brain_grey_matter,3.800e+10,3.688e+1,1.636e+1,1.067e+0,6.459e-4
brain_grey_matter,3.900e+10,3.743e+1,1.600e+1,1.078e+0,6.306e-4
brain_grey_matter,4.000e+10,3.795e+1,1.567e+1,1.089e+0,6.163e-4
brain_grey_matter,4.100e+10,3.846e+1,1.534e+1,1.099e+0,6.028e-4
brain_grey_matter,4.200e+10,3.895e+1,1.503e+1,1.109e+0,5.900e-4
brain_grey_matter,4.300e+10,3.942e+1,1.474e+1,1.118e+0,5.780e-4
brain_grey_matter,4.400e+10,3.988e+1,1.446e+1,1.127e+0,5.666e-4
brain_grey_matter,4.500e+10,4.033e+1,1.418e+1,1.136e+0,5.558e-4
brain_grey_matter,4.600e+10,4.076e+1,1.392e+1,1.144e+0,5.455e-4
brain_grey_matter,4.700e+10,4.117e+1,1.368e+1,1.151e+0,5.358e-4
brain_grey_matter,4.800e+10,4.158e+1,1.344e+1,1.159e+0,5.265e-4
brain_grey_matter,4.900e+10,4.197e+1,1.321e+1,1.166e+0,5.176e-4
brain_grey_matter,5.000e+10,4.235e+1,1.299e+1,1.173e+0,5.092e-4
brain_grey_matter,5.100e+10,4.272e+1,1.277e+1,1.179e+0,5.011e-4
brain_grey_matter,5.200e+10,4.308e+1,1.257e+1,1.185e+0,4.934e-4
brain_grey_matter,5.300e+10,4.343e+1,1.237e+1,1.190e+0,4.860e-4
brain_grey_matter,5.400e+10,4.377e+1,1.219e+1,1.196e+0,4.789e-4
brain_grey_matter,5.500e+10,4.409e+1,1.200e+1,1.201e+0,4.721e-4
brain_grey_matter,5.600e+10,4.442e+1,1.183e+1,1.205e+0,4.656e-4
brain_grey_matter,5.700e+10,4.473e+1,1.166e+1,1.210e+0,4.594e-4
brain_grey_matter,5.800e+10,4.503e+1,1.150e+1,1.214e+0,4.534e-4
brain_grey_matter,5.900e+10,4.533e+1,1.134e+1,1.218e+0,4.476e-4
brain_grey_matter,6.000e+10,4.562e+1,1.119e+1,1.222e+0,4.420e-4
brain_grey_matter,6.100e+10,4.590e+1,1.104e+1,1.225e+0,4.366e-4
brain_grey_matter,6.200e+10,4.617e+1,1.090e+1,1.228e+0,4.315e-4
brain_grey_matter,6.300e+10,4.644e+1,1.076e+1,1.231e+0,4.265e-4
brain_grey_matter,6.400e+10,4.670e+1,1.063e+1,1.234e+0,4.216e-4
brain_grey_matter,6.500e+10,4.695e+1,1.050e+1,1.236e+0,4.170e-4
brain_grey_matter,6.600e+10,4.720e+1,1.038e+1,1.239e+0,4.125e-4
brain_grey_matter,6.700e+10,4.745e+1,1.026e+1,1.241e+0,4.081e-4
brain_grey_matter,6.800e+10,4.769e+1,1.014e+1,1.243e+0,4.039e-4
brain_grey_matter,6.900e+10,4.792e+1,1.003e+1,1.244e+0,3.998e-4
brain_grey_matter,7.000e+10,4.814e+1,9.924e+0,1.246e+0,3.959e-4
brain_grey_matter,7.100e+10,4.837e+1,9.818e+0,1.247e+0,3.920e-4
brain_grey_matter,7.200e+10,4.858e+1,9.716e+0,1.248e+0,3.883e-4
brain_grey_matter,7.300e+10,4.880e+1,9.617e+0,1.250e+0,3.847e-4
brain_grey_matter,7.400e+10,4.901e+1,9.521e+0,1.250e+0,3.812e-4
brain_grey_matter,7.500e+10,4.921e+1,9.427e+0,1.251e+0,3.778e-4
brain_grey_matter,7.600e+10,4.941e+1,9.336e+0,1.252e+0,3.745e-4
brain_grey_matter,7.700e+10,4.960e+1,9.248e+0,1.252e+0,3.713e-4
brain_grey_matter,7.800e+10,4.980e+1,9.163e+0,1.252e+0,3.681e-4
brain_grey_matter,7.900e+10,4.998e+1,9.079e+0,1.253e+0,3.651e-4
brain_grey_matter,8.000e+10,5.017e+1,8.998e+0,1.253e+0,3.621e-4
brain_grey_matter,8.100e+10,5.035e+1,8.920e+0,1.253e+0,3.592e-4
brain_grey_matter,8.200e+10,5.053e+1,8.843e+0,1.252e+0,3.564e-4
brain_grey_matter,8.300e+10,5.070e+1,8.769e+0,1.252e+0,3.537e-4
brain_grey_matter,8.400e+10,5.087e+1,8.696e+0,1.252e+0,3.510e-4
brain_grey_matter,8.500e+10,5.104e+1,8.626e+0,1.251e+0,3.484e-4
brain_grey_matter,8.600e+10,5.121e+1,8.557e+0,1.251e+0,3.459e-4
brain_grey_matter,8.700e+10,5.137e+1,8.490e+0,1.250e+0,3.434e-4
brain_grey_matter,8.800e+10,5.153e+1,8.425e+0,1.249e+0,3.410e-4
brain_grey_matter,8.900e+10,5.168e+1,8.361e+0,1.248e+0,3.386e-4
brain_grey_matter,9.000e+10,5.184e+1,8.299e+0,1.248e+0,3.363e-4
brain_grey_matter,9.100e+10,5.199e+1,8.239e+0,1.246e+0,3.341e-4
brain_grey_matter,9.200e+10,5.214e+1,8.180e+0,1.245e+0,3.319e-4
brain_grey_matter,9.300e+10,5.228e+1,8.122e+0,1.244e+0,3.297e-4
brain_grey_matter,9.400e+10,5.243e+1,8.066e+0,1.243e+0,3.276e-4
brain_grey_matter,9.500e+10,5.257e+1,8.011e+0,1.242e+0,3.255e-4
brain_grey_matter,9.600e+10,5.271e+1,7.958e+0,1.240e+0,3.235e-4
brain_grey_matter,9.700e+10,5.285e+1,7.906e+0,1.239e+0,3.215e-4
brain_grey_matter,9.800e+10,5.298e+1,7.855e+0,1.237e+0,3.196e-4
brain_grey_matter,9.900e+10,5.312e+1,7.805e+0,1.236e+0,3.177e-4
brain_grey_matter,1.000e+11,5.325e+1,7.756e+0,1.234e+0,3.159e-4
brain_white_matter,1.000e+9,6.219e-1,3.858e+1,2.898e-1,5.356e-2
brain_white_matter,2.000e+9,1.001e+0,3.673e+1,2.450e-1,3.237e-2
brain_white_matter,3.000e+9,1.511e+0,3.554e+1,2.547e-1,2.112e-2
brain_white_matter,4.000e+9,2.136e+0,3.448e+1,2.784e-1,1.473e-2
brain_white_matter,5.000e+9,2.859e+0,3.344e+1,3.073e-1,1.086e-2
brain_white_matter,6.000e+9,3.659e+0,3.242e+1,3.382e-1,8.375e-3
brain_white_matter,7.000e+9,4.518e+0,3.139e+1,3.696e-1,6.691e-3
brain_white_matter,8.000e+9,5.420e+0,3.038e+1,4.009e-1,5.502e-3
brain_white_matter,9.000e+9,6.351e+0,2.938e+1,4.318e-1,4.631e-3
brain_white_matter,1.000e+10,7.298e+0,2.839e+1,4.620e-1,3.974e-3
brain_white_matter,1.100e+10,8.251e+0,2.744e+1,4.914e-1,3.465e-3
brain_white_matter,1.200e+10,9.202e+0,2.651e+1,5.199e-1,3.064e-3
brain_white_matter,1.300e+10,1.014e+1,2.562e+1,5.475e-1,2.740e-3
brain_white_matter,1.400e+10,1.107e+1,2.476e+1,5.741e-1,2.476e-3
brain_white_matter,1.500e+10,1.198e+1,2.393e+1,5.998e-1,2.256e-3
brain_white_matter,1.600e+10,1.287e+1,2.314e+1,6.246e-1,2.072e-3
brain_white_matter,1.700e+10,1.373e+1,2.239e+1,6.484e-1,1.915e-3
brain_white_matter,1.800e+10,1.457e+1,2.167e+1,6.713e-1,1.781e-3
brain_white_matter,1.900e+10,1.538e+1,2.099e+1,6.933e-1,1.665e-3
brain_white_matter,2.000e+10,1.616e+1,2.034e+1,7.144e-1,1.563e-3
brain_white_matter,2.100e+10,1.692e+1,1.972e+1,7.347e-1,1.474e-3
brain_white_matter,2.200e+10,1.765e+1,1.913e+1,7.540e-1,1.396e-3
brain_white_matter,2.300e+10,1.836e+1,1.857e+1,7.726e-1,1.326e-3
brain_white_matter,2.400e+10,1.904e+1,1.804e+1,7.904e-1,1.263e-3
brain_white_matter,2.500e+10,1.969e+1,1.754e+1,8.073e-1,1.207e-3
brain_white_matter,2.600e+10,2.032e+1,1.706e+1,8.235e-1,1.156e-3
brain_white_matter,2.700e+10,2.093e+1,1.661e+1,8.390e-1,1.110e-3
brain_white_matter,2.800e+10,2.151e+1,1.617e+1,8.537e-1,1.068e-3
brain_white_matter,2.900e+10,2.207e+1,1.576e+1,8.678e-1,1.030e-3
brain_white_matter,3.000e+10,2.261e+1,1.537e+1,8.812e-1,9.944e-4
brain_white_matter,3.100e+10,2.313e+1,1.500e+1,8.939e-1,9.620e-4
brain_white_matter,3.200e+10,2.363e+1,1.465e+1,9.060e-1,9.321e-4
brain_white_matter,3.300e+10,2.411e+1,1.431e+1,9.175e-1,9.044e-4
brain_white_matter,3.400e+10,2.457e+1,1.399e+1,9.284e-1,8.787e-4
brain_white_matter,3.500e+10,2.502e+1,1.369e+1,9.387e-1,8.548e-4
brain_white_matter,3.600e+10,2.545e+1,1.340e+1,9.485e-1,8.325e-4
brain_white_matter,3.700e+10,2.587e+1,1.312e+1,9.578e-1,8.117e-4
brain_white_matter,3.800e+10,2.627e+1,1.286e+1,9.666e-1,7.922e-4
brain_white_matter,3.900e+10,2.666e+1,1.261e+1,9.748e-1,7.739e-4
brain_white_matter,4.000e+10,2.704e+1,1.237e+1,9.826e-1,7.567e-4
brain_white_matter,4.100e+10,2.740e+1,1.213e+1,9.900e-1,7.404e-4
brain_white_matter,4.200e+10,2.775e+1,1.191e+1,9.969e-1,7.251e-4
brain_white_matter,4.300e+10,2.809e+1,1.170e+1,1.003e+0,7.107e-4
brain_white_matter,4.400e+10,2.842e+1,1.150e+1,1.010e+0,6.970e-4
brain_white_matter,4.500e+10,2.874e+1,1.131e+1,1.015e+0,6.840e-4
brain_white_matter,4.600e+10,2.904e+1,1.112e+1,1.020e+0,6.717e-4
brain_white_matter,4.700e+10,2.934e+1,1.094e+1,1.026e+0,6.601e-4
brain_white_matter,4.800e+10,2.963e+1,1.077e+1,1.030e+0,6.489e-4
brain_white_matter,4.900e+10,2.991e+1,1.061e+1,1.034e+0,6.383e-4
brain_white_matter,5.000e+10,3.018e+1,1.045e+1,1.038e+0,6.282e-4
brain_white_matter,5.100e+10,3.045e+1,1.030e+1,1.042e+0,6.186e-4
brain_white_matter,5.200e+10,3.071e+1,1.015e+1,1.045e+0,6.093e-4
brain_white_matter,5.300e+10,3.096e+1,1.001e+1,1.048e+0,6.005e-4
brain_white_matter,5.400e+10,3.120e+1,9.879e+0,1.051e+0,5.921e-4
brain_white_matter,5.500e+10,3.143e+1,9.749e+0,1.054e+0,5.839e-4
brain_white_matter,5.600e+10,3.166e+1,9.624e+0,1.056e+0,5.762e-4
brain_white_matter,5.700e+10,3.189e+1,9.504e+0,1.058e+0,5.687e-4
brain_white_matter,5.800e+10,3.211e+1,9.387e+0,1.060e+0,5.615e-4
brain_white_matter,5.900e+10,3.232e+1,9.275e+0,1.062e+0,5.546e-4
brain_white_matter,6.000e+10,3.252e+1,9.167e+0,1.063e+0,5.480e-4
brain_white_matter,6.100e+10,3.273e+1,9.062e+0,1.064e+0,5.416e-4
brain_white_matter,6.200e+10,3.292e+1,8.961e+0,1.065e+0,5.354e-4
brain_white_matter,6.300e+10,3.312e+1,8.864e+0,1.066e+0,5.295e-4
brain_white_matter,6.400e+10,3.330e+1,8.769e+0,1.067e+0,5.238e-4
brain_white_matter,6.500e+10,3.348e+1,8.678e+0,1.067e+0,5.182e-4
brain_white_matter,6.600e+10,3.366e+1,8.589e+0,1.067e+0,5.129e-4
brain_white_matter,6.700e+10,3.384e+1,8.504e+0,1.068e+0,5.077e-4
brain_white_matter,6.800e+10,3.401e+1,8.421e+0,1.068e+0,5.027e-4
brain_white_matter,6.900e+10,3.418e+1,8.341e+0,1.067e+0,4.978e-4
brain_white_matter,7.000e+10,3.434e+1,8.263e+0,1.067e+0,4.931e-4
brain_white_matter,7.100e+10,3.450e+1,8.188e+0,1.067e+0,4.886e-4
brain_white_matter,7.200e+10,3.466e+1,8.115e+0,1.066e+0,4.841e-4
brain_white_matter,7.300e+10,3.481e+1,8.044e+0,1.065e+0,4.799e-4
brain_white_matter,7.400e+10,3.496e+1,7.975e+0,1.065e+0,4.757e-4
brain_white_matter,7.500e+10,3.510e+1,7.908e+0,1.064e+0,4.717e-4
brain_white_matter,7.600e+10,3.525e+1,7.843e+0,1.063e+0,4.678e-4
brain_white_matter,7.700e+10,3.539e+1,7.780e+0,1.062e+0,4.639e-4
brain_white_matter,7.800e+10,3.553e+1,7.719e+0,1.061e+0,4.602e-4
brain_white_matter,7.900e+10,3.566e+1,7.660e+0,1.059e+0,4.566e-4
brain_white_matter,8.000e+10,3.579e+1,7.602e+0,1.058e+0,4.531e-4
brain_white_matter,8.100e+10,3.592e+1,7.545e+0,1.057e+0,4.497e-4
brain_white_matter,8.200e+10,3.605e+1,7.491e+0,1.055e+0,4.464e-4
brain_white_matter,8.300e+10,3.618e+1,7.437e+0,1.053e+0,4.432e-4
brain_white_matter,8.400e+10,3.630e+1,7.386e+0,1.052e+0,4.400e-4
brain_white_matter,8.500e+10,3.642e+1,7.335e+0,1.050e+0,4.369e-4
brain_white_matter,8.600e+10,3.654e+1,7.286e+0,1.048e+0,4.339e-4
brain_white_matter,8.700e+10,3.666e+1,7.238e+0,1.046e+0,4.310e-4
brain_white_matter,8.800e+10,3.677e+1,7.191e+0,1.044e+0,4.282e-4
brain_white_matter,8.900e+10,3.688e+1,7.146e+0,1.042e+0,4.254e-4
brain_white_matter,9.000e+10,3.699e+1,7.101e+0,1.040e+0,4.227e-4
brain_white_matter,9.100e+10,3.710e+1,7.058e+0,1.038e+0,4.200e-4
brain_white_matter,9.200e+10,3.721e+1,7.016e+0,1.036e+0,4.174e-4
brain_white_matter,9.300e+10,3.732e+1,6.975e+0,1.034e+0,4.149e-4
brain_white_matter,9.400e+10,3.742e+1,6.935e+0,1.032e+0,4.124e-4
brain_white_matter,9.500e+10,3.752e+1,6.895e+0,1.030e+0,4.100e-4
brain_white_matter,9.600e+10,3.762e+1,6.857e+0,1.027e+0,4.076e-4
brain_white_matter,9.700e+10,3.772e+1,6.820e+0,1.025e+0,4.053e-4
brain_white_matter,9.800e+10,3.782e+1,6.783e+0,1.023e+0,4.030e-4
brain_white_matter,9.900e+10,3.791e+1,6.747e+0,1.020e+0,4.008e-4
brain_white_matter,1.000e+11,3.801e+1,6.713e+0,1.018e+0,3.986e-4
cerebellum,1.000e+9,1.308e+0,4.886e+1,4.812e-1,2.914e-2
cerebellum,2.000e+9,1.823e+0,4.567e+1,3.588e-1,1.998e-2
cerebellum,3.000e+9,2.482e+0,4.390e+1,3.388e-1,1.437e-2
cerebellum,4.000e+9,3.280e+0,4.243e+1,3.474e-1,1.070e-2
cerebellum,5.000e+9,4.194e+0,4.105e+1,3.673e-1,8.241e-3
cerebellum,6.000e+9,5.203e+0,3.972e+1,3.925e-1,6.548e-3
cerebellum,7.000e+9,6.285e+0,3.840e+1,4.203e-1,5.344e-3
cerebellum,8.000e+9,7.418e+0,3.710e+1,4.493e-1,4.463e-3
cerebellum,9.000e+9,8.587e+0,3.583e+1,4.787e-1,3.800e-3
cerebellum,1.000e+10,9.775e+0,3.459e+1,5.080e-1,3.290e-3
cerebellum,1.100e+10,1.097e+1,3.338e+1,5.371e-1,2.889e-3
cerebellum,1.200e+10,1.216e+1,3.221e+1,5.656e-1,2.568e-3
cerebellum,1.300e+10,1.334e+1,3.108e+1,5.935e-1,2.307e-3
cerebellum,1.400e+10,1.451e+1,3.000e+1,6.208e-1,2.091e-3
cerebellum,1.500e+10,1.564e+1,2.896e+1,6.473e-1,1.912e-3
cerebellum,1.600e+10,1.675e+1,2.797e+1,6.730e-1,1.760e-3
cerebellum,1.700e+10,1.784e+1,2.702e+1,6.979e-1,1.630e-3
cerebellum,1.800e+10,1.889e+1,2.612e+1,7.220e-1,1.518e-3
cerebellum,1.900e+10,1.990e+1,2.526e+1,7.453e-1,1.421e-3
cerebellum,2.000e+10,2.088e+1,2.444e+1,7.679e-1,1.336e-3
cerebellum,2.100e+10,2.183e+1,2.367e+1,7.896e-1,1.261e-3
cerebellum,2.200e+10,2.275e+1,2.293e+1,8.106e-1,1.195e-3
cerebellum,2.300e+10,2.363e+1,2.223e+1,8.307e-1,1.136e-3
cerebellum,2.400e+10,2.448e+1,2.157e+1,8.502e-1,1.083e-3
cerebellum,2.500e+10,2.530e+1,2.093e+1,8.689e-1,1.035e-3
cerebellum,2.600e+10,2.608e+1,2.033e+1,8.869e-1,9.920e-4
cerebellum,2.700e+10,2.684e+1,1.976e+1,9.041e-1,9.528e-4
cerebellum,2.800e+10,2.757e+1,1.922e+1,9.207e-1,9.170e-4
cerebellum,2.900e+10,2.827e+1,1.871e+1,9.366e-1,8.842e-4
cerebellum,3.000e+10,2.895e+1,1.822e+1,9.519e-1,8.541e-4
cerebellum,3.100e+10,2.960e+1,1.776e+1,9.665e-1,8.264e-4
cerebellum,3.200e+10,3.022e+1,1.732e+1,9.805e-1,8.008e-4
cerebellum,3.300e+10,3.083e+1,1.689e+1,9.939e-1,7.770e-4
cerebellum,3.400e+10,3.141e+1,1.649e+1,1.007e+0,7.549e-4
cerebellum,3.500e+10,3.197e+1,1.611e+1,1.019e+0,7.344e-4
cerebellum,3.600e+10,3.251e+1,1.575e+1,1.031e+0,7.152e-4
cerebellum,3.700e+10,3.303e+1,1.540e+1,1.042e+0,6.973e-4
cerebellum,3.800e+10,3.353e+1,1.507e+1,1.052e+0,6.805e-4
cerebellum,3.900e+10,3.402e+1,1.475e+1,1.063e+0,6.647e-4
cerebellum,4.000e+10,3.449e+1,1.445e+1,1.072e+0,6.498e-4
cerebellum,4.100e+10,3.494e+1,1.416e+1,1.082e+0,6.358e-4
cerebellum,4.200e+10,3.538e+1,1.389e+1,1.090e+0,6.226e-4
cerebellum,4.300e+10,3.580e+1,1.362e+1,1.099e+0,6.101e-4
cerebellum,4.400e+10,3.621e+1,1.337e+1,1.107e+0,5.983e-4
cerebellum,4.500e+10,3.661e+1,1.313e+1,1.114e+0,5.870e-4
cerebellum,4.600e+10,3.700e+1,1.289e+1,1.121e+0,5.764e-4
cerebellum,4.700e+10,3.737e+1,1.267e+1,1.128e+0,5.662e-4
cerebellum,4.800e+10,3.773e+1,1.246e+1,1.134e+0,5.566e-4
cerebellum,4.900e+10,3.808e+1,1.225e+1,1.140e+0,5.474e-4
cerebellum,5.000e+10,3.842e+1,1.205e+1,1.146e+0,5.386e-4
cerebellum,5.100e+10,3.875e+1,1.187e+1,1.151e+0,5.302e-4
cerebellum,5.200e+10,3.907e+1,1.168e+1,1.156e+0,5.222e-4
cerebellum,5.300e+10,3.939e+1,1.151e+1,1.161e+0,5.145e-4
cerebellum,5.400e+10,3.969e+1,1.134e+1,1.165e+0,5.071e-4
cerebellum,5.500e+10,3.998e+1,1.118e+1,1.169e+0,5.001e-4
cerebellum,5.600e+10,4.027e+1,1.102e+1,1.173e+0,4.933e-4
cerebellum,5.700e+10,4.055e+1,1.087e+1,1.177e+0,4.868e-4
cerebellum,5.800e+10,4.082e+1,1.072e+1,1.180e+0,4.805e-4
cerebellum,5.900e+10,4.109e+1,1.058e+1,1.183e+0,4.745e-4
cerebellum,6.000e+10,4.135e+1,1.045e+1,1.186e+0,4.687e-4
cerebellum,6.100e+10,4.160e+1,1.032e+1,1.188e+0,4.631e-4
cerebellum,6.200e+10,4.184e+1,1.019e+1,1.191e+0,4.577e-4
cerebellum,6.300e+10,4.209e+1,1.007e+1,1.193e+0,4.525e-4
cerebellum,6.400e+10,4.232e+1,9.950e+0,1.195e+0,4.475e-4
cerebellum,6.500e+10,4.255e+1,9.836e+0,1.196e+0,4.426e-4
cerebellum,6.600e+10,4.277e+1,9.725e+0,1.198e+0,4.380e-4
cerebellum,6.700e+10,4.299e+1,9.618e+0,1.199e+0,4.334e-4
cerebellum,6.800e+10,4.320e+1,9.514e+0,1.200e+0,4.290e-4
cerebellum,6.900e+10,4.341e+1,9.414e+0,1.201e+0,4.248e-4
cerebellum,7.000e+10,4.361e+1,9.317e+0,1.202e+0,4.207e-4
cerebellum,7.100e+10,4.381e+1,9.222e+0,1.203e+0,4.167e-4
cerebellum,7.200e+10,4.401e+1,9.131e+0,1.203e+0,4.128e-4
cerebellum,7.300e+10,4.420e+1,9.042e+0,1.204e+0,4.090e-4
cerebellum,7.400e+10,4.438e+1,8.956e+0,1.204e+0,4.054e-4
cerebellum,7.500e+10,4.457e+1,8.872e+0,1.204e+0,4.018e-4
cerebellum,7.600e+10,4.475e+1,8.791e+0,1.204e+0,3.984e-4
cerebellum,7.700e+10,4.492e+1,8.712e+0,1.204e+0,3.950e-4
cerebellum,7.800e+10,4.510e+1,8.636e+0,1.203e+0,3.918e-4
cerebellum,7.900e+10,4.526e+1,8.561e+0,1.203e+0,3.886e-4
cerebellum,8.000e+10,4.543e+1,8.489e+0,1.202e+0,3.855e-4
cerebellum,8.100e+10,4.559e+1,8.419e+0,1.202e+0,3.825e-4
cerebellum,8.200e+10,4.575e+1,8.350e+0,1.201e+0,3.796e-4
cerebellum,8.300e+10,4.591e+1,8.283e+0,1.200e+0,3.767e-4
cerebellum,8.400e+10,4.606e+1,8.219e+0,1.199e+0,3.739e-4
cerebellum,8.500e+10,4.621e+1,8.155e+0,1.198e+0,3.712e-4
cerebellum,8.600e+10,4.636e+1,8.094e+0,1.197e+0,3.686e-4
cerebellum,8.700e+10,4.651e+1,8.034e+0,1.196e+0,3.660e-4
cerebellum,8.800e+10,4.665e+1,7.976e+0,1.195e+0,3.635e-4
cerebellum,8.900e+10,4.679e+1,7.919e+0,1.193e+0,3.610e-4
cerebellum,9.000e+10,4.693e+1,7.863e+0,1.192e+0,3.586e-4
cerebellum,9.100e+10,4.706e+1,7.809e+0,1.190e+0,3.563e-4
cerebellum,9.200e+10,4.720e+1,7.756e+0,1.189e+0,3.540e-4
cerebellum,9.300e+10,4.733e+1,7.705e+0,1.187e+0,3.517e-4
cerebellum,9.400e+10,4.746e+1,7.654e+0,1.186e+0,3.495e-4
cerebellum,9.500e+10,4.759e+1,7.605e+0,1.184e+0,3.474e-4
cerebellum,9.600e+10,4.771e+1,7.558e+0,1.182e+0,3.453e-4
cerebellum,9.700e+10,4.784e+1,7.511e+0,1.180e+0,3.432e-4
cerebellum,9.800e+10,4.796e+1,7.465e+0,1.178e+0,3.412e-4
cerebellum,9.900e+10,4.808e+1,7.420e+0,1.176e+0,3.392e-4
cerebellum,1.000e+11,4.819e+1,7.377e+0,1.174e+0,3.373e-4
cerebro_spinal_fluid,1.000e+9,2.455e+0,6.844e+1,6.449e-1,1.872e-2
cerebro_spinal_fluid,2.000e+9,3.074e+0,6.691e+1,4.129e-1,1.441e-2
cerebro_spinal_fluid,3.000e+9,4.005e+0,6.539e+1,3.670e-1,1.089e-2
cerebro_spinal_fluid,4.000e+9,5.196e+0,6.373e+1,3.664e-1,8.288e-3
cerebro_spinal_fluid,5.000e+9,6.597e+0,6.195e+1,3.828e-1,6.445e-3
cerebro_spinal_fluid,6.000e+9,8.164e+0,6.009e+1,4.070e-1,5.140e-3
cerebro_spinal_fluid,7.000e+9,9.859e+0,5.818e+1,4.351e-1,4.199e-3
cerebro_spinal_fluid,8.000e+9,1.164e+1,5.626e+1,4.651e-1,3.506e-3
cerebro_spinal_fluid,9.000e+9,1.349e+1,5.433e+1,4.960e-1,2.983e-3
cerebro_spinal_fluid,1.000e+10,1.538e+1,5.243e+1,5.273e-1,2.580e-3
cerebro_spinal_fluid,1.100e+10,1.728e+1,5.056e+1,5.584e-1,2.263e-3
cerebro_spinal_fluid,1.200e+10,1.918e+1,4.874e+1,5.893e-1,2.009e-3
cerebro_spinal_fluid,1.300e+10,2.106e+1,4.698e+1,6.197e-1,1.803e-3
cerebro_spinal_fluid,1.400e+10,2.291e+1,4.528e+1,6.496e-1,1.633e-3
cerebro_spinal_fluid,1.500e+10,2.473e+1,4.365e+1,6.789e-1,1.491e-3
cerebro_spinal_fluid,1.600e+10,2.650e+1,4.209e+1,7.075e-1,1.371e-3
cerebro_spinal_fluid,1.700e+10,2.823e+1,4.059e+1,7.355e-1,1.268e-3
cerebro_spinal_fluid,1.800e+10,2.991e+1,3.916e+1,7.628e-1,1.180e-3
cerebro_spinal_fluid,1.900e+10,3.154e+1,3.780e+1,7.893e-1,1.104e-3
cerebro_spinal_fluid,2.000e+10,3.311e+1,3.650e+1,8.152e-1,1.037e-3
cerebro_spinal_fluid,2.100e+10,3.462e+1,3.527e+1,8.404e-1,9.778e-4
cerebro_spinal_fluid,2.200e+10,3.609e+1,3.409e+1,8.648e-1,9.256e-4
cerebro_spinal_fluid,2.300e+10,3.750e+1,3.298e+1,8.886e-1,8.790e-4
cerebro_spinal_fluid,2.400e+10,3.886e+1,3.192e+1,9.117e-1,8.373e-4
cerebro_spinal_fluid,2.500e+10,4.016e+1,3.092e+1,9.341e-1,7.998e-4
cerebro_spinal_fluid,2.600e+10,4.142e+1,2.996e+1,9.559e-1,7.658e-4
cerebro_spinal_fluid,2.700e+10,4.263e+1,2.905e+1,9.770e-1,7.349e-4
cerebro_spinal_fluid,2.800e+10,4.380e+1,2.819e+1,9.974e-1,7.068e-4
cerebro_spinal_fluid,2.900e+10,4.492e+1,2.737e+1,1.017e+0,6.810e-4
cerebro_spinal_fluid,3.000e+10,4.600e+1,2.659e+1,1.036e+0,6.574e-4
cerebro_spinal_fluid,3.100e+10,4.704e+1,2.585e+1,1.055e+0,6.356e-4
cerebro_spinal_fluid,3.200e+10,4.804e+1,2.515e+1,1.073e+0,6.154e-4
cerebro_spinal_fluid,3.300e+10,4.900e+1,2.447e+1,1.091e+0,5.968e-4
cerebro_spinal_fluid,3.400e+10,4.993e+1,2.384e+1,1.107e+0,5.794e-4
cerebro_spinal_fluid,3.500e+10,5.082e+1,2.323e+1,1.124e+0,5.633e-4
cerebro_spinal_fluid,3.600e+10,5.169e+1,2.264e+1,1.140e+0,5.482e-4
cerebro_spinal_fluid,3.700e+10,5.252e+1,2.209e+1,1.155e+0,5.341e-4
cerebro_spinal_fluid,3.800e+10,5.332e+1,2.156e+1,1.170e+0,5.209e-4
cerebro_spinal_fluid,3.900e+10,5.410e+1,2.106e+1,1.184e+0,5.085e-4
cerebro_spinal_fluid,4.000e+10,5.484e+1,2.058e+1,1.198e+0,4.968e-4
cerebro_spinal_fluid,4.100e+10,5.557e+1,2.011e+1,1.211e+0,4.858e-4
cerebro_spinal_fluid,4.200e+10,5.627e+1,1.967e+1,1.224e+0,4.754e-4
cerebro_spinal_fluid,4.300e+10,5.694e+1,1.925e+1,1.236e+0,4.655e-4
cerebro_spinal_fluid,4.400e+10,5.760e+1,1.885e+1,1.248e+0,4.562e-4
cerebro_spinal_fluid,4.500e+10,5.823e+1,1.846e+1,1.260e+0,4.474e-4
cerebro_spinal_fluid,4.600e+10,5.884e+1,1.809e+1,1.271e+0,4.390e-4
cerebro_spinal_fluid,4.700e+10,5.944e+1,1.773e+1,1.282e+0,4.310e-4
cerebro_spinal_fluid,4.800e+10,6.001e+1,1.739e+1,1.292e+0,4.234e-4
cerebro_spinal_fluid,4.900e+10,6.057e+1,1.707e+1,1.302e+0,4.161e-4
cerebro_spinal_fluid,5.000e+10,6.111e+1,1.675e+1,1.312e+0,4.092e-4
cerebro_spinal_fluid,5.100e+10,6.164e+1,1.645e+1,1.321e+0,4.026e-4
cerebro_spinal_fluid,5.200e+10,6.215e+1,1.616e+1,1.330e+0,3.963e-4
cerebro_spinal_fluid,5.300e+10,6.264e+1,1.588e+1,1.338e+0,3.902e-4
cerebro_spinal_fluid,5.400e+10,6.313e+1,1.561e+1,1.346e+0,3.844e-4
cerebro_spinal_fluid,5.500e+10,6.359e+1,1.535e+1,1.354e+0,3.788e-4
cerebro_spinal_fluid,5.600e+10,6.405e+1,1.510e+1,1.362e+0,3.735e-4
cerebro_spinal_fluid,5.700e+10,6.449e+1,1.486e+1,1.369e+0,3.683e-4
cerebro_spinal_fluid,5.800e+10,6.493e+1,1.463e+1,1.376e+0,3.634e-4
cerebro_spinal_fluid,5.900e+10,6.535e+1,1.440e+1,1.383e+0,3.586e-4
cerebro_spinal_fluid,6.000e+10,6.576e+1,1.418e+1,1.389e+0,3.540e-4
cerebro_spinal_fluid,6.100e+10,6.616e+1,1.398e+1,1.395e+0,3.496e-4
cerebro_spinal_fluid,6.200e+10,6.655e+1,1.377e+1,1.401e+0,3.453e-4
cerebro_spinal_fluid,6.300e+10,6.692e+1,1.358e+1,1.406e+0,3.412e-4
cerebro_spinal_fluid,6.400e+10,6.730e+1,1.339e+1,1.412e+0,3.373e-4
cerebro_spinal_fluid,6.500e+10,6.766e+1,1.321e+1,1.417e+0,3.334e-4
cerebro_spinal_fluid,6.600e+10,6.801e+1,1.303e+1,1.421e+0,3.297e-4
cerebro_spinal_fluid,6.700e+10,6.836e+1,1.286e+1,1.426e+0,3.261e-4
cerebro_spinal_fluid,6.800e+10,6.869e+1,1.270e+1,1.430e+0,3.226e-4
cerebro_spinal_fluid,6.900e+10,6.902e+1,1.254e+1,1.434e+0,3.192e-4
cerebro_spinal_fluid,7.000e+10,6.934e+1,1.238e+1,1.438e+0,3.160e-4
cerebro_spinal_fluid,7.100e+10,6.966e+1,1.223e+1,1.442e+0,3.128e-4
cerebro_spinal_fluid,7.200e+10,6.997e+1,1.209e+1,1.445e+0,3.097e-4
cerebro_spinal_fluid,7.300e+10,7.027e+1,1.194e+1,1.449e+0,3.067e-4
cerebro_spinal_fluid,7.400e+10,7.056e+1,1.181e+1,1.452e+0,3.038e-4
cerebro_spinal_fluid,7.500e+10,7.085e+1,1.167e+1,1.455e+0,3.010e-4
cerebro_spinal_fluid,7.600e+10,7.114e+1,1.154e+1,1.457e+0,2.983e-4
cerebro_spinal_fluid,7.700e+10,7.141e+1,1.142e+1,1.460e+0,2.956e-4
cerebro_spinal_fluid,7.800e+10,7.169e+1,1.130e+1,1.462e+0,2.930e-4
cerebro_spinal_fluid,7.900e+10,7.195e+1,1.118e+1,1.465e+0,2.905e-4
cerebro_spinal_fluid,8.000e+10,7.221e+1,1.106e+1,1.467e+0,2.880e-4
cerebro_spinal_fluid,8.100e+10,7.247e+1,1.095e+1,1.468e+0,2.856e-4
cerebro_spinal_fluid,8.200e+10,7.272e+1,1.084e+1,1.470e+0,2.833e-4
cerebro_spinal_fluid,8.300e+10,7.297e+1,1.074e+1,1.472e+0,2.810e-4
cerebro_spinal_fluid,8.400e+10,7.321e+1,1.063e+1,1.473e+0,2.788e-4
cerebro_spinal_fluid,8.500e+10,7.345e+1,1.053e+1,1.475e+0,2.767e-4
cerebro_spinal_fluid,8.600e+10,7.368e+1,1.043e+1,1.476e+0,2.745e-4
cerebro_spinal_fluid,8.700e+10,7.391e+1,1.034e+1,1.477e+0,2.725e-4
cerebro_spinal_fluid,8.800e+10,7.413e+1,1.025e+1,1.478e+0,2.705e-4
cerebro_spinal_fluid,8.900e+10,7.435e+1,1.016e+1,1.479e+0,2.685e-4
cerebro_spinal_fluid,9.000e+10,7.457e+1,1.007e+1,1.479e+0,2.666e-4
cerebro_spinal_fluid,9.100e+10,7.478e+1,9.981e+0,1.480e+0,2.647e-4
cerebro_spinal_fluid,9.200e+10,7.500e+1,9.898e+0,1.480e+0,2.629e-4
cerebro_spinal_fluid,9.300e+10,7.520e+1,9.816e+0,1.481e+0,2.611e-4
cerebro_spinal_fluid,9.400e+10,7.541e+1,9.736e+0,1.481e+0,2.593e-4
cerebro_spinal_fluid,9.500e+10,7.561e+1,9.658e+0,1.481e+0,2.576e-4
cerebro_spinal_fluid,9.600e+10,7.580e+1,9.582e+0,1.481e+0,2.559e-4
cerebro_spinal_fluid,9.700e+10,7.600e+1,9.507e+0,1.481e+0,2.543e-4
cerebro_spinal_fluid,9.800e+10,7.619e+1,9.435e+0,1.481e+0,2.527e-4
cerebro_spinal_fluid,9.900e+10,7.637e+1,9.364e+0,1.481e+0,2.511e-4
cerebro_spinal_fluid,1.000e+11,7.656e+1,9.294e+0,1.481e+0,2.495e-4
dura,1.000e+9,9.933e-1,4.420e+1,4.039e-1,3.622e-2
dura,2.000e+9,1.420e+0,4.262e+1,2.994e-1,2.468e-2
dura,3.000e+9,2.015e+0,4.134e+1,2.920e-1,1.712e-2
dura,4.000e+9,2.746e+0,4.010e+1,3.077e-1,1.238e-2
dura,5.000e+9,3.582e+0,3.886e+1,3.314e-1,9.362e-3
dura,6.000e+9,4.498e+0,3.763e+1,3.581e-1,7.352e-3
dura,7.000e+9,5.473e+0,3.642e+1,3.859e-1,5.958e-3
dura,8.000e+9,6.488e+0,3.523e+1,4.138e-1,4.956e-3
dura,9.000e+9,7.529e+0,3.408e+1,4.412e-1,4.211e-3
dura,1.000e+10,8.584e+0,3.296e+1,4.681e-1,3.642e-3
dura,1.100e+10,9.643e+0,3.188e+1,4.942e-1,3.197e-3
dura,1.200e+10,1.070e+1,3.085e+1,5.195e-1,2.842e-3
dura,1.300e+10,1.174e+1,2.985e+1,5.439e-1,2.554e-3
dura,1.400e+10,1.277e+1,2.890e+1,5.674e-1,2.317e-3
dura,1.500e+10,1.379e+1,2.800e+1,5.900e-1,2.118e-3
dura,1.600e+10,1.478e+1,2.713e+1,6.118e-1,1.950e-3
dura,1.700e+10,1.574e+1,2.631e+1,6.328e-1,1.807e-3
dura,1.800e+10,1.669e+1,2.552e+1,6.529e-1,1.684e-3
dura,1.900e+10,1.760e+1,2.478e+1,6.722e-1,1.576e-3
dura,2.000e+10,1.850e+1,2.407e+1,6.907e-1,1.482e-3
dura,2.100e+10,1.936e+1,2.339e+1,7.085e-1,1.399e-3
dura,2.200e+10,2.020e+1,2.275e+1,7.256e-1,1.325e-3
dura,2.300e+10,2.102e+1,2.214e+1,7.420e-1,1.259e-3
dura,2.400e+10,2.181e+1,2.156e+1,7.577e-1,1.200e-3
dura,2.500e+10,2.258e+1,2.101e+1,7.728e-1,1.147e-3
dura,2.600e+10,2.332e+1,2.048e+1,7.872e-1,1.098e-3
dura,2.700e+10,2.404e+1,1.998e+1,8.011e-1,1.054e-3
dura,2.800e+10,2.474e+1,1.950e+1,8.143e-1,1.014e-3
dura,2.900e+10,2.541e+1,1.905e+1,8.271e-1,9.772e-4
dura,3.000e+10,2.607e+1,1.861e+1,8.392e-1,9.433e-4
dura,3.100e+10,2.670e+1,1.820e+1,8.509e-1,9.121e-4
dura,3.200e+10,2.732e+1,1.780e+1,8.620e-1,8.831e-4
dura,3.300e+10,2.791e+1,1.742e+1,8.727e-1,8.563e-4
dura,3.400e+10,2.849e+1,1.706e+1,8.829e-1,8.314e-4
dura,3.500e+10,2.906e+1,1.672e+1,8.926e-1,8.081e-4
dura,3.600e+10,2.960e+1,1.639e+1,9.020e-1,7.864e-4
dura,3.700e+10,3.013e+1,1.607e+1,9.109e-1,7.660e-4
dura,3.800e+10,3.065e+1,1.577e+1,9.194e-1,7.470e-4
dura,3.900e+10,3.115e+1,1.548e+1,9.275e-1,7.290e-4
dura,4.000e+10,3.163e+1,1.520e+1,9.353e-1,7.121e-4
dura,4.100e+10,3.211e+1,1.493e+1,9.427e-1,6.962e-4
dura,4.200e+10,3.257e+1,1.468e+1,9.497e-1,6.811e-4
dura,4.300e+10,3.302e+1,1.443e+1,9.564e-1,6.668e-4
dura,4.400e+10,3.345e+1,1.419e+1,9.628e-1,6.533e-4
dura,4.500e+10,3.388e+1,1.397e+1,9.689e-1,6.405e-4
dura,4.600e+10,3.429e+1,1.375e+1,9.747e-1,6.283e-4
dura,4.700e+10,3.469e+1,1.354e+1,9.802e-1,6.168e-4
dura,4.800e+10,3.509e+1,1.333e+1,9.855e-1,6.057e-4
dura,4.900e+10,3.547e+1,1.314e+1,9.904e-1,5.952e-4
dura,5.000e+10,3.584e+1,1.295e+1,9.951e-1,5.851e-4
dura,5.100e+10,3.621e+1,1.277e+1,9.996e-1,5.755e-4
dura,5.200e+10,3.657e+1,1.259e+1,1.004e+0,5.663e-4
dura,5.300e+10,3.691e+1,1.242e+1,1.008e+0,5.575e-4
dura,5.400e+10,3.726e+1,1.226e+1,1.012e+0,5.491e-4
dura,5.500e+10,3.759e+1,1.210e+1,1.015e+0,5.410e-4
dura,5.600e+10,3.791e+1,1.195e+1,1.018e+0,5.332e-4
dura,5.700e+10,3.823e+1,1.180e+1,1.022e+0,5.258e-4
dura,5.800e+10,3.854e+1,1.166e+1,1.025e+0,5.186e-4
dura,5.900e+10,3.885e+1,1.152e+1,1.027e+0,5.116e-4
dura,6.000e+10,3.915e+1,1.139e+1,1.030e+0,5.050e-4
dura,6.100e+10,3.944e+1,1.126e+1,1.032e+0,4.986e-4
dura,6.200e+10,3.972e+1,1.113e+1,1.035e+0,4.924e-4
dura,6.300e+10,4.000e+1,1.101e+1,1.037e+0,4.864e-4
dura,6.400e+10,4.028e+1,1.089e+1,1.039e+0,4.806e-4
dura,6.500e+10,4.055e+1,1.078e+1,1.040e+0,4.750e-4
dura,6.600e+10,4.081e+1,1.067e+1,1.042e+0,4.696e-4
dura,6.700e+10,4.107e+1,1.056e+1,1.044e+0,4.644e-4
dura,6.800e+10,4.133e+1,1.045e+1,1.045e+0,4.594e-4
dura,6.900e+10,4.158e+1,1.035e+1,1.046e+0,4.545e-4
dura,7.000e+10,4.182e+1,1.025e+1,1.047e+0,4.497e-4
dura,7.100e+10,4.206e+1,1.016e+1,1.048e+0,4.451e-4
dura,7.200e+10,4.230e+1,1.006e+1,1.049e+0,4.406e-4
dura,7.300e+10,4.253e+1,9.972e+0,1.050e+0,4.363e-4
dura,7.400e+10,4.276e+1,9.884e+0,1.051e+0,4.321e-4
dura,7.500e+10,4.298e+1,9.797e+0,1.051e+0,4.280e-4
dura,7.600e+10,4.320e+1,9.714e+0,1.052e+0,4.240e-4
dura,7.700e+10,4.342e+1,9.632e+0,1.052e+0,4.202e-4
dura,7.800e+10,4.363e+1,9.553e+0,1.052e+0,4.164e-4
dura,7.900e+10,4.384e+1,9.475e+0,1.053e+0,4.127e-4
dura,8.000e+10,4.404e+1,9.400e+0,1.053e+0,4.092e-4
dura,8.100e+10,4.425e+1,9.326e+0,1.053e+0,4.057e-4
dura,8.200e+10,4.445e+1,9.254e+0,1.053e+0,4.023e-4
dura,8.300e+10,4.464e+1,9.184e+0,1.053e+0,3.990e-4
dura,8.400e+10,4.484e+1,9.116e+0,1.052e+0,3.958e-4
dura,8.500e+10,4.503e+1,9.050e+0,1.052e+0,3.927e-4
dura,8.600e+10,4.521e+1,8.985e+0,1.052e+0,3.896e-4
dura,8.700e+10,4.540e+1,8.921e+0,1.052e+0,3.867e-4
dura,8.800e+10,4.558e+1,8.859e+0,1.051e+0,3.837e-4
dura,8.900e+10,4.576e+1,8.798e+0,1.050e+0,3.809e-4
dura,9.000e+10,4.594e+1,8.739e+0,1.050e+0,3.781e-4
dura,9.100e+10,4.611e+1,8.681e+0,1.049e+0,3.754e-4
dura,9.200e+10,4.628e+1,8.625e+0,1.048e+0,3.728e-4
dura,9.300e+10,4.645e+1,8.570e+0,1.048e+0,3.702e-4
dura,9.400e+10,4.662e+1,8.516e+0,1.047e+0,3.676e-4
dura,9.500e+10,4.678e+1,8.463e+0,1.046e+0,3.651e-4
dura,9.600e+10,4.695e+1,8.411e+0,1.045e+0,3.627e-4
dura,9.700e+10,4.711e+1,8.360e+0,1.044e+0,3.603e-4
dura,9.800e+10,4.727e+1,8.311e+0,1.043e+0,3.580e-4
dura,9.900e+10,4.742e+1,8.262e+0,1.042e+0,3.557e-4
dura,1.000e+11,4.758e+1,8.215e+0,1.041e+0,3.535e-4
fat,1.000e+9,5.350e-2,5.447e+0,1.766e-1,2.325e-1
fat,2.000e+9,8.592e-2,5.328e+0,1.449e-1,1.430e-1
fat,3.000e+9,1.300e-1,5.224e+0,1.492e-1,9.356e-2
fat,4.000e+9,1.829e-1,5.125e+0,1.604e-1,6.592e-2
fat,5.000e+9,2.422e-1,5.029e+0,1.732e-1,4.933e-2
fat,6.000e+9,3.062e-1,4.937e+0,1.858e-1,3.868e-2
fat,7.000e+9,3.735e-1,4.848e+0,1.979e-1,3.144e-2
fat,8.000e+9,4.430e-1,4.762e+0,2.090e-1,2.629e-2
fat,9.000e+9,5.138e-1,4.680e+0,2.193e-1,2.249e-2
fat,1.000e+10,5.852e-1,4.602e+0,2.286e-1,1.959e-2
fat,1.100e+10,6.567e-1,4.528e+0,2.370e-1,1.732e-2
fat,1.200e+10,7.278e-1,4.457e+0,2.446e-1,1.551e-2
fat,1.300e+10,7.983e-1,4.390e+0,2.515e-1,1.404e-2
fat,1.400e+10,8.678e-1,4.325e+0,2.576e-1,1.283e-2
fat,1.500e+10,9.363e-1,4.265e+0,2.631e-1,1.181e-2
fat,1.600e+10,1.003e+0,4.207e+0,2.680e-1,1.095e-2
fat,1.700e+10,1.069e+0,4.152e+0,2.723e-1,1.021e-2
fat,1.800e+10,1.134e+0,4.100e+0,2.761e-1,9.570e-3
fat,1.900e+10,1.197e+0,4.050e+0,2.795e-1,9.013e-3
fat,2.000e+10,1.258e+0,4.003e+0,2.825e-1,8.525e-3
fat,2.100e+10,1.318e+0,3.958e+0,2.851e-1,8.092e-3
fat,2.200e+10,1.377e+0,3.916e+0,2.873e-1,7.708e-3
fat,2.300e+10,1.434e+0,3.875e+0,2.892e-1,7.363e-3
fat,2.400e+10,1.489e+0,3.836e+0,2.908e-1,7.054e-3
fat,2.500e+10,1.543e+0,3.799e+0,2.921e-1,6.774e-3
fat,2.600e+10,1.596e+0,3.764e+0,2.932e-1,6.520e-3
fat,2.700e+10,1.648e+0,3.731e+0,2.940e-1,6.288e-3
fat,2.800e+10,1.698e+0,3.699e+0,2.947e-1,6.077e-3
fat,2.900e+10,1.747e+0,3.668e+0,2.952e-1,5.882e-3
fat,3.000e+10,1.794e+0,3.639e+0,2.955e-1,5.703e-3
fat,3.100e+10,1.841e+0,3.611e+0,2.956e-1,5.538e-3
fat,3.200e+10,1.886e+0,3.584e+0,2.956e-1,5.385e-3
fat,3.300e+10,1.930e+0,3.558e+0,2.955e-1,5.243e-3
fat,3.400e+10,1.973e+0,3.533e+0,2.953e-1,5.110e-3
fat,3.500e+10,2.015e+0,3.510e+0,2.949e-1,4.987e-3
fat,3.600e+10,2.057e+0,3.487e+0,2.945e-1,4.871e-3
fat,3.700e+10,2.097e+0,3.465e+0,2.939e-1,4.763e-3
fat,3.800e+10,2.136e+0,3.444e+0,2.933e-1,4.661e-3
fat,3.900e+10,2.174e+0,3.424e+0,2.926e-1,4.566e-3
fat,4.000e+10,2.211e+0,3.405e+0,2.919e-1,4.476e-3
fat,4.100e+10,2.248e+0,3.386e+0,2.910e-1,4.391e-3
fat,4.200e+10,2.284e+0,3.368e+0,2.902e-1,4.310e-3
fat,4.300e+10,2.319e+0,3.351e+0,2.892e-1,4.234e-3
fat,4.400e+10,2.353e+0,3.334e+0,2.883e-1,4.162e-3
fat,4.500e+10,2.386e+0,3.318e+0,2.872e-1,4.094e-3
fat,4.600e+10,2.419e+0,3.303e+0,2.862e-1,4.028e-3
fat,4.700e+10,2.451e+0,3.288e+0,2.851e-1,3.966e-3
fat,4.800e+10,2.482e+0,3.274e+0,2.840e-1,3.907e-3
fat,4.900e+10,2.513e+0,3.260e+0,2.828e-1,3.851e-3
fat,5.000e+10,2.543e+0,3.246e+0,2.817e-1,3.797e-3
fat,5.100e+10,2.573e+0,3.233e+0,2.805e-1,3.746e-3
fat,5.200e+10,2.602e+0,3.220e+0,2.793e-1,3.696e-3
fat,5.300e+10,2.630e+0,3.208e+0,2.781e-1,3.649e-3
fat,5.400e+10,2.658e+0,3.196e+0,2.768e-1,3.604e-3
fat,5.500e+10,2.686e+0,3.185e+0,2.756e-1,3.560e-3
fat,5.600e+10,2.712e+0,3.174e+0,2.743e-1,3.519e-3
fat,5.700e+10,2.739e+0,3.163e+0,2.731e-1,3.479e-3
fat,5.800e+10,2.765e+0,3.152e+0,2.718e-1,3.440e-3
fat,5.900e+10,2.790e+0,3.142e+0,2.705e-1,3.403e-3
fat,6.000e+10,2.815e+0,3.132e+0,2.692e-1,3.367e-3
fat,6.100e+10,2.840e+0,3.123e+0,2.680e-1,3.333e-3
fat,6.200e+10,2.864e+0,3.114e+0,2.667e-1,3.299e-3
fat,6.300e+10,2.888e+0,3.104e+0,2.654e-1,3.267e-3
fat,6.400e+10,2.911e+0,3.096e+0,2.641e-1,3.236e-3
fat,6.500e+10,2.934e+0,3.087e+0,2.628e-1,3.206e-3
fat,6.600e+10,2.957e+0,3.079e+0,2.615e-1,3.177e-3
fat,6.700e+10,2.979e+0,3.071e+0,2.603e-1,3.149e-3
fat,6.800e+10,3.001e+0,3.063e+0,2.590e-1,3.121e-3
fat,6.900e+10,3.022e+0,3.055e+0,2.577e-1,3.095e-3
fat,7.000e+10,3.044e+0,3.048e+0,2.565e-1,3.070e-3
fat,7.100e+10,3.064e+0,3.041e+0,2.552e-1,3.045e-3
fat,7.200e+10,3.085e+0,3.033e+0,2.539e-1,3.021e-3
fat,7.300e+10,3.105e+0,3.026e+0,2.527e-1,2.997e-3
fat,7.400e+10,3.125e+0,3.020e+0,2.514e-1,2.974e-3
fat,7.500e+10,3.145e+0,3.013e+0,2.502e-1,2.952e-3
fat,7.600e+10,3.164e+0,3.007e+0,2.489e-1,2.931e-3
fat,7.700e+10,3.184e+0,3.000e+0,2.477e-1,2.910e-3
fat,7.800e+10,3.203e+0,2.994e+0,2.465e-1,2.890e-3
fat,7.900e+10,3.221e+0,2.988e+0,2.453e-1,2.870e-3
fat,8.000e+10,3.240e+0,2.982e+0,2.441e-1,2.851e-3
fat,8.100e+10,3.258e+0,2.977e+0,2.429e-1,2.832e-3
fat,8.200e+10,3.276e+0,2.971e+0,2.417e-1,2.814e-3
fat,8.300e+10,3.293e+0,2.966e+0,2.405e-1,2.796e-3
fat,8.400e+10,3.311e+0,2.961e+0,2.393e-1,2.778e-3
fat,8.500e+10,3.328e+0,2.955e+0,2.381e-1,2.761e-3
fat,8.600e+10,3.345e+0,2.950e+0,2.370e-1,2.745e-3
fat,8.700e+10,3.362e+0,2.945e+0,2.358e-1,2.729e-3
fat,8.800e+10,3.378e+0,2.940e+0,2.347e-1,2.713e-3
fat,8.900e+10,3.395e+0,2.936e+0,2.336e-1,2.697e-3
fat,9.000e+10,3.411e+0,2.931e+0,2.324e-1,2.682e-3
fat,9.100e+10,3.427e+0,2.926e+0,2.313e-1,2.668e-3
fat,9.200e+10,3.442e+0,2.922e+0,2.302e-1,2.653e-3
fat,9.300e+10,3.458e+0,2.917e+0,2.291e-1,2.639e-3
fat,9.400e+10,3.474e+0,2.913e+0,2.280e-1,2.625e-3
fat,9.500e+10,3.489e+0,2.909e+0,2.269e-1,2.612e-3
fat,9.600e+10,3.504e+0,2.905e+0,2.259e-1,2.599e-3
fat,9.700e+10,3.519e+0,2.901e+0,2.248e-1,2.586e-3
fat,9.800e+10,3.533e+0,2.897e+0,2.237e-1,2.573e-3
fat,9.900e+10,3.548e+0,2.893e+0,2.227e-1,2.561e-3
fat,1.000e+11,3.562e+0,2.889e+0,2.216e-1,2.548e-3
muscle,1.000e+9,9.782e-1,5.481e+1,3.208e-1,4.068e-2
muscle,2.000e+9,1.454e+0,5.329e+1,2.452e-1,2.685e-2
muscle,3.000e+9,2.142e+0,5.206e+1,2.466e-1,1.801e-2
muscle,4.000e+9,3.015e+0,5.082e+1,2.667e-1,1.266e-2
muscle,5.000e+9,4.045e+0,4.954e+1,2.935e-1,9.335e-3
muscle,6.000e+9,5.202e+0,4.822e+1,3.232e-1,7.176e-3
muscle,7.000e+9,6.461e+0,4.687e+1,3.540e-1,5.710e-3
muscle,8.000e+9,7.798e+0,4.550e+1,3.851e-1,4.674e-3
muscle,9.000e+9,9.192e+0,4.413e+1,4.161e-1,3.915e-3
muscle,1.000e+10,1.063e+1,4.276e+1,4.467e-1,3.344e-3
muscle,1.100e+10,1.208e+1,4.142e+1,4.767e-1,2.903e-3
muscle,1.200e+10,1.355e+1,4.010e+1,5.062e-1,2.555e-3
muscle,1.300e+10,1.502e+1,3.881e+1,5.350e-1,2.275e-3
muscle,1.400e+10,1.647e+1,3.756e+1,5.630e-1,2.047e-3
muscle,1.500e+10,1.791e+1,3.635e+1,5.904e-1,1.858e-3
muscle,1.600e+10,1.933e+1,3.519e+1,6.171e-1,1.699e-3
muscle,1.700e+10,2.071e+1,3.406e+1,6.430e-1,1.565e-3
muscle,1.800e+10,2.207e+1,3.298e+1,6.682e-1,1.450e-3
muscle,1.900e+10,2.339e+1,3.194e+1,6.927e-1,1.351e-3
muscle,2.000e+10,2.467e+1,3.095e+1,7.165e-1,1.264e-3
muscle,2.100e+10,2.592e+1,3.000e+1,7.396e-1,1.188e-3
muscle,2.200e+10,2.713e+1,2.909e+1,7.620e-1,1.121e-3
muscle,2.300e+10,2.830e+1,2.822e+1,7.837e-1,1.062e-3
muscle,2.400e+10,2.944e+1,2.739e+1,8.048e-1,1.009e-3
muscle,2.500e+10,3.053e+1,2.660e+1,8.253e-1,9.609e-4
muscle,2.600e+10,3.159e+1,2.585e+1,8.451e-1,9.179e-4
muscle,2.700e+10,3.262e+1,2.513e+1,8.643e-1,8.790e-4
muscle,2.800e+10,3.361e+1,2.444e+1,8.828e-1,8.436e-4
muscle,2.900e+10,3.456e+1,2.378e+1,9.008e-1,8.112e-4
muscle,3.000e+10,3.549e+1,2.316e+1,9.182e-1,7.816e-4
muscle,3.100e+10,3.638e+1,2.256e+1,9.351e-1,7.544e-4
muscle,3.200e+10,3.724e+1,2.199e+1,9.514e-1,7.292e-4
muscle,3.300e+10,3.807e+1,2.144e+1,9.671e-1,7.060e-4
muscle,3.400e+10,3.887e+1,2.092e+1,9.823e-1,6.845e-4
muscle,3.500e+10,3.965e+1,2.042e+1,9.970e-1,6.645e-4
muscle,3.600e+10,4.040e+1,1.995e+1,1.011e+0,6.459e-4
muscle,3.700e+10,4.112e+1,1.949e+1,1.025e+0,6.285e-4
muscle,3.800e+10,4.182e+1,1.906e+1,1.038e+0,6.122e-4
muscle,3.900e+10,4.250e+1,1.864e+1,1.051e+0,5.969e-4
muscle,4.000e+10,4.316e+1,1.824e+1,1.063e+0,5.826e-4
muscle,4.100e+10,4.379e+1,1.786e+1,1.075e+0,5.691e-4
muscle,4.200e+10,4.441e+1,1.749e+1,1.087e+0,5.564e-4
muscle,4.300e+10,4.500e+1,1.714e+1,1.098e+0,5.444e-4
muscle,4.400e+10,4.558e+1,1.680e+1,1.108e+0,5.330e-4
muscle,4.500e+10,4.613e+1,1.648e+1,1.119e+0,5.222e-4
muscle,4.600e+10,4.668e+1,1.616e+1,1.128e+0,5.120e-4
muscle,4.700e+10,4.720e+1,1.587e+1,1.138e+0,5.023e-4
muscle,4.800e+10,4.771e+1,1.558e+1,1.147e+0,4.931e-4
muscle,4.900e+10,4.821e+1,1.530e+1,1.156e+0,4.843e-4
muscle,5.000e+10,4.869e+1,1.504e+1,1.164e+0,4.760e-4
muscle,5.100e+10,4.916e+1,1.478e+1,1.172e+0,4.680e-4
muscle,5.200e+10,4.961e+1,1.453e+1,1.180e+0,4.604e-4
muscle,5.300e+10,5.005e+1,1.430e+1,1.187e+0,4.531e-4
muscle,5.400e+10,5.048e+1,1.407e+1,1.194e+0,4.461e-4
muscle,5.500e+10,5.090e+1,1.385e+1,1.201e+0,4.394e-4
muscle,5.600e+10,5.130e+1,1.364e+1,1.208e+0,4.330e-4
muscle,5.700e+10,5.170e+1,1.343e+1,1.214e+0,4.268e-4
muscle,5.800e+10,5.209e+1,1.323e+1,1.220e+0,4.209e-4
muscle,5.900e+10,5.246e+1,1.304e+1,1.226e+0,4.152e-4
muscle,6.000e+10,5.283e+1,1.286e+1,1.231e+0,4.097e-4
muscle,6.100e+10,5.318e+1,1.268e+1,1.236e+0,4.045e-4
muscle,6.200e+10,5.353e+1,1.251e+1,1.241e+0,3.994e-4
muscle,6.300e+10,5.387e+1,1.234e+1,1.246e+0,3.945e-4
muscle,6.400e+10,5.420e+1,1.218e+1,1.250e+0,3.897e-4
muscle,6.500e+10,5.453e+1,1.202e+1,1.254e+0,3.852e-4
muscle,6.600e+10,5.484e+1,1.187e+1,1.258e+0,3.808e-4
muscle,6.700e+10,5.515e+1,1.172e+1,1.262e+0,3.765e-4
muscle,6.800e+10,5.545e+1,1.158e+1,1.266e+0,3.724e-4
muscle,6.900e+10,5.575e+1,1.144e+1,1.269e+0,3.684e-4
muscle,7.000e+10,5.604e+1,1.131e+1,1.272e+0,3.645e-4
muscle,7.100e+10,5.632e+1,1.118e+1,1.276e+0,3.608e-4
muscle,7.200e+10,5.659e+1,1.105e+1,1.278e+0,3.571e-4
muscle,7.300e+10,5.686e+1,1.093e+1,1.281e+0,3.536e-4
muscle,7.400e+10,5.713e+1,1.081e+1,1.283e+0,3.502e-4
muscle,7.500e+10,5.739e+1,1.070e+1,1.286e+0,3.469e-4
muscle,7.600e+10,5.764e+1,1.059e+1,1.288e+0,3.437e-4
muscle,7.700e+10,5.789e+1,1.048e+1,1.290e+0,3.405e-4
muscle,7.800e+10,5.813e+1,1.037e+1,1.292e+0,3.375e-4
muscle,7.900e+10,5.837e+1,1.027e+1,1.293e+0,3.345e-4
muscle,8.000e+10,5.861e+1,1.017e+1,1.295e+0,3.316e-4
muscle,8.100e+10,5.884e+1,1.007e+1,1.296e+0,3.288e-4
muscle,8.200e+10,5.906e+1,9.977e+0,1.298e+0,3.261e-4
muscle,8.300e+10,5.928e+1,9.885e+0,1.299e+0,3.234e-4
muscle,8.400e+10,5.950e+1,9.796e+0,1.300e+0,3.208e-4
muscle,8.500e+10,5.971e+1,9.708e+0,1.301e+0,3.183e-4
muscle,8.600e+10,5.992e+1,9.623e+0,1.302e+0,3.158e-4
muscle,8.700e+10,6.013e+1,9.540e+0,1.302e+0,3.134e-4
muscle,8.800e+10,6.033e+1,9.460e+0,1.303e+0,3.111e-4
muscle,8.900e+10,6.053e+1,9.381e+0,1.303e+0,3.088e-4
muscle,9.000e+10,6.072e+1,9.304e+0,1.303e+0,3.066e-4
muscle,9.100e+10,6.091e+1,9.229e+0,1.304e+0,3.044e-4
muscle,9.200e+10,6.110e+1,9.156e+0,1.304e+0,3.022e-4
muscle,9.300e+10,6.128e+1,9.085e+0,1.304e+0,3.002e-4
muscle,9.400e+10,6.147e+1,9.015e+0,1.304e+0,2.981e-4
muscle,9.500e+10,6.165e+1,8.947e+0,1.304e+0,2.961e-4
muscle,9.600e+10,6.182e+1,8.881e+0,1.303e+0,2.942e-4
muscle,9.700e+10,6.199e+1,8.816e+0,1.303e+0,2.923e-4
muscle,9.800e+10,6.217e+1,8.753e+0,1.303e+0,2.904e-4
muscle,9.900e+10,6.233e+1,8.691e+0,1.302e+0,2.886e-4
muscle,1.000e+11,6.250e+1,8.631e+0,1.302e+0,2.868e-4
skin_dry,1.000e+9,8.998e-1,4.094e+1,3.951e-1,3.845e-2
skin_dry,2.000e+9,1.265e+0,3.857e+1,2.949e-1,2.633e-2
skin_dry,3.000e+9,1.741e+0,3.745e+1,2.785e-1,1.884e-2
skin_dry,4.000e+9,2.340e+0,3.659e+1,2.875e-1,1.386e-2
skin_dry,5.000e+9,3.061e+0,3.577e+1,3.076e-1,1.049e-2
skin_dry,6.000e+9,3.891e+0,3.495e+1,3.336e-1,8.173e-3
skin_dry,7.000e+9,4.817e+0,3.408e+1,3.630e-1,6.535e-3
skin_dry,8.000e+9,5.824e+0,3.318e+1,3.944e-1,5.348e-3
skin_dry,9.000e+9,6.895e+0,3.225e+1,4.270e-1,4.467e-3
skin_dry,1.000e+10,8.014e+0,3.129e+1,4.604e-1,3.798e-3
skin_dry,1.100e+10,9.166e+0,3.031e+1,4.941e-1,3.280e-3
skin_dry,1.200e+10,1.034e+1,2.933e+1,5.280e-1,2.871e-3
skin_dry,1.300e+10,1.151e+1,2.834e+1,5.618e-1,2.543e-3
skin_dry,1.400e+10,1.269e+1,2.736e+1,5.953e-1,2.277e-3
skin_dry,1.500e+10,1.385e+1,2.640e+1,6.286e-1,2.057e-3
skin_dry,1.600e+10,1.499e+1,2.546e+1,6.613e-1,1.874e-3
skin_dry,1.700e+10,1.610e+1,2.454e+1,6.936e-1,1.720e-3
skin_dry,1.800e+10,1.718e+1,2.365e+1,7.253e-1,1.589e-3
skin_dry,1.900e+10,1.822e+1,2.279e+1,7.564e-1,1.477e-3
skin_dry,2.000e+10,1.922e+1,2.196e+1,7.867e-1,1.379e-3
skin_dry,2.100e+10,2.019e+1,2.117e+1,8.164e-1,1.295e-3
skin_dry,2.200e+10,2.111e+1,2.041e+1,8.453e-1,1.221e-3
skin_dry,2.300e+10,2.200e+1,1.968e+1,8.734e-1,1.155e-3
skin_dry,2.400e+10,2.284e+1,1.899e+1,9.007e-1,1.097e-3
skin_dry,2.500e+10,2.364e+1,1.834e+1,9.272e-1,1.045e-3
skin_dry,2.600e+10,2.441e+1,1.771e+1,9.529e-1,9.987e-4
skin_dry,2.700e+10,2.513e+1,1.711e+1,9.777e-1,9.569e-4
skin_dry,2.800e+10,2.582e+1,1.655e+1,1.002e+0,9.191e-4
skin_dry,2.900e+10,2.648e+1,1.602e+1,1.025e+0,8.848e-4
skin_dry,3.000e+10,2.710e+1,1.551e+1,1.047e+0,8.535e-4
skin_dry,3.100e+10,2.769e+1,1.503e+1,1.068e+0,8.249e-4
skin_dry,3.200e+10,2.825e+1,1.457e+1,1.089e+0,7.987e-4
skin_dry,3.300e+10,2.878e+1,1.414e+1,1.108e+0,7.745e-4
skin_dry,3.400e+10,2.928e+1,1.373e+1,1.127e+0,7.522e-4
skin_dry,3.500e+10,2.975e+1,1.335e+1,1.145e+0,7.316e-4
skin_dry,3.600e+10,3.021e+1,1.298e+1,1.162e+0,7.125e-4
skin_dry,3.700e+10,3.064e+1,1.263e+1,1.179e+0,6.947e-4
skin_dry,3.800e+10,3.104e+1,1.230e+1,1.194e+0,6.781e-4
skin_dry,3.900e+10,3.143e+1,1.198e+1,1.209e+0,6.627e-4
skin_dry,4.000e+10,3.180e+1,1.169e+1,1.223e+0,6.482e-4
skin_dry,4.100e+10,3.215e+1,1.140e+1,1.236e+0,6.346e-4
skin_dry,4.200e+10,3.248e+1,1.113e+1,1.248e+0,6.218e-4
skin_dry,4.300e+10,3.279e+1,1.088e+1,1.260e+0,6.098e-4
skin_dry,4.400e+10,3.309e+1,1.063e+1,1.271e+0,5.985e-4
skin_dry,4.500e+10,3.338e+1,1.040e+1,1.282e+0,5.878e-4
skin_dry,4.600e+10,3.365e+1,1.018e+1,1.291e+0,5.777e-4
skin_dry,4.700e+10,3.391e+1,9.974e+0,1.300e+0,5.681e-4
skin_dry,4.800e+10,3.416e+1,9.774e+0,1.309e+0,5.590e-4
skin_dry,4.900e+10,3.439e+1,9.584e+0,1.317e+0,5.504e-4
skin_dry,5.000e+10,3.462e+1,9.402e+0,1.324e+0,5.422e-4
skin_dry,5.100e+10,3.483e+1,9.229e+0,1.330e+0,5.344e-4
skin_dry,5.200e+10,3.504e+1,9.063e+0,1.336e+0,5.269e-4
skin_dry,5.300e+10,3.524e+1,8.905e+0,1.342e+0,5.198e-4
skin_dry,5.400e+10,3.542e+1,8.754e+0,1.347e+0,5.130e-4
skin_dry,5.500e+10,3.560e+1,8.610e+0,1.351e+0,5.066e-4
skin_dry,5.600e+10,3.578e+1,8.472e+0,1.356e+0,5.004e-4
skin_dry,5.700e+10,3.594e+1,8.340e+0,1.359e+0,4.944e-4
skin_dry,5.800e+10,3.610e+1,8.213e+0,1.362e+0,4.888e-4
skin_dry,5.900e+10,3.625e+1,8.092e+0,1.365e+0,4.833e-4
skin_dry,6.000e+10,3.640e+1,7.975e+0,1.367e+0,4.780e-4
skin_dry,6.100e+10,3.654e+1,7.864e+0,1.369e+0,4.730e-4
skin_dry,6.200e+10,3.667e+1,7.757e+0,1.371e+0,4.682e-4
skin_dry,6.300e+10,3.680e+1,7.654e+0,1.372e+0,4.635e-4
skin_dry,6.400e+10,3.692e+1,7.555e+0,1.373e+0,4.590e-4
skin_dry,6.500e+10,3.704e+1,7.461e+0,1.373e+0,4.547e-4
skin_dry,6.600e+10,3.716e+1,7.370e+0,1.373e+0,4.505e-4
skin_dry,6.700e+10,3.727e+1,7.282e+0,1.373e+0,4.465e-4
skin_dry,6.800e+10,3.738e+1,7.198e+0,1.373e+0,4.426e-4
skin_dry,6.900e+10,3.748e+1,7.116e+0,1.372e+0,4.389e-4
skin_dry,7.000e+10,3.758e+1,7.038e+0,1.371e+0,4.352e-4
skin_dry,7.100e+10,3.767e+1,6.963e+0,1.370e+0,4.317e-4
skin_dry,7.200e+10,3.776e+1,6.891e+0,1.368e+0,4.283e-4
skin_dry,7.300e+10,3.785e+1,6.821e+0,1.367e+0,4.251e-4
skin_dry,7.400e+10,3.794e+1,6.753e+0,1.365e+0,4.219e-4
skin_dry,7.500e+10,3.802e+1,6.688e+0,1.363e+0,4.188e-4
skin_dry,7.600e+10,3.810e+1,6.625e+0,1.360e+0,4.158e-4
skin_dry,7.700e+10,3.818e+1,6.565e+0,1.358e+0,4.129e-4
skin_dry,7.800e+10,3.825e+1,6.506e+0,1.355e+0,4.101e-4
skin_dry,7.900e+10,3.833e+1,6.450e+0,1.352e+0,4.073e-4
skin_dry,8.000e+10,3.840e+1,6.395e+0,1.349e+0,4.047e-4
skin_dry,8.100e+10,3.846e+1,6.342e+0,1.346e+0,4.021e-4
skin_dry,8.200e+10,3.853e+1,6.291e+0,1.343e+0,3.996e-4
skin_dry,8.300e+10,3.859e+1,6.242e+0,1.339e+0,3.972e-4
skin_dry,8.400e+10,3.866e+1,6.194e+0,1.335e+0,3.948e-4
skin_dry,8.500e+10,3.872e+1,6.147e+0,1.332e+0,3.925e-4
skin_dry,8.600e+10,3.877e+1,6.103e+0,1.328e+0,3.902e-4
skin_dry,8.700e+10,3.883e+1,6.059e+0,1.324e+0,3.881e-4
skin_dry,8.800e+10,3.888e+1,6.017e+0,1.320e+0,3.859e-4
skin_dry,8.900e+10,3.894e+1,5.976e+0,1.316e+0,3.839e-4
skin_dry,9.000e+10,3.899e+1,5.936e+0,1.312e+0,3.818e-4
skin_dry,9.100e+10,3.904e+1,5.898e+0,1.308e+0,3.799e-4
skin_dry,9.200e+10,3.909e+1,5.861e+0,1.303e+0,3.779e-4
skin_dry,9.300e+10,3.913e+1,5.824e+0,1.299e+0,3.761e-4
skin_dry,9.400e+10,3.918e+1,5.789e+0,1.294e+0,3.742e-4
skin_dry,9.500e+10,3.923e+1,5.755e+0,1.290e+0,3.724e-4
skin_dry,9.600e+10,3.927e+1,5.722e+0,1.285e+0,3.707e-4
skin_dry,9.700e+10,3.931e+1,5.690e+0,1.280e+0,3.690e-4
skin_dry,9.800e+10,3.935e+1,5.659e+0,1.276e+0,3.673e-4
skin_dry,9.900e+10,3.939e+1,5.628e+0,1.271e+0,3.657e-4
skin_dry,1.000e+11,3.943e+1,5.599e+0,1.266e+0,3.641e-4
skin_wet,1.000e+9,8.818e-1,4.571e+1,3.468e-1,4.129e-2
skin_wet,2.000e+9,1.336e+0,4.352e+1,2.758e-1,2.647e-2
skin_wet,3.000e+9,1.947e+0,4.211e+1,2.771e-1,1.786e-2
skin_wet,4.000e+9,2.701e+0,4.085e+1,2.972e-1,1.269e-2
skin_wet,5.000e+9,3.574e+0,3.961e+1,3.244e-1,9.467e-3
skin_wet,6.000e+9,4.542e+0,3.838e+1,3.546e-1,7.350e-3
skin_wet,7.000e+9,5.582e+0,3.715e+1,3.859e-1,5.899e-3
skin_wet,8.000e+9,6.675e+0,3.592e+1,4.175e-1,4.865e-3
skin_wet,9.000e+9,7.803e+0,3.471e+1,4.490e-1,4.104e-3
skin_wet,1.000e+10,8.951e+0,3.353e+1,4.799e-1,3.527e-3
skin_wet,1.100e+10,1.011e+1,3.237e+1,5.102e-1,3.079e-3
skin_wet,1.200e+10,1.126e+1,3.125e+1,5.397e-1,2.724e-3
skin_wet,1.300e+10,1.240e+1,3.017e+1,5.684e-1,2.438e-3
skin_wet,1.400e+10,1.353e+1,2.913e+1,5.963e-1,2.203e-3
skin_wet,1.500e+10,1.463e+1,2.813e+1,6.233e-1,2.008e-3
skin_wet,1.600e+10,1.571e+1,2.717e+1,6.495e-1,1.845e-3
skin_wet,1.700e+10,1.675e+1,2.626e+1,6.748e-1,1.705e-3
skin_wet,1.800e+10,1.777e+1,2.538e+1,6.992e-1,1.586e-3
skin_wet,1.900e+10,1.876e+1,2.455e+1,7.227e-1,1.482e-3
skin_wet,2.000e+10,1.971e+1,2.377e+1,7.454e-1,1.392e-3
skin_wet,2.100e+10,2.063e+1,2.301e+1,7.672e-1,1.313e-3
skin_wet,2.200e+10,2.151e+1,2.230e+1,7.883e-1,1.242e-3
skin_wet,2.300e+10,2.237e+1,2.162e+1,8.085e-1,1.180e-3
skin_wet,2.400e+10,2.319e+1,2.098e+1,8.280e-1,1.124e-3
skin_wet,2.500e+10,2.398e+1,2.037e+1,8.466e-1,1.074e-3
skin_wet,2.600e+10,2.475e+1,1.979e+1,8.646e-1,1.028e-3
skin_wet,2.700e+10,2.548e+1,1.924e+1,8.818e-1,9.870e-4
skin_wet,2.800e+10,2.619e+1,1.871e+1,8.984e-1,9.495e-4
skin_wet,2.900e+10,2.687e+1,1.822e+1,9.142e-1,9.151e-4
skin_wet,3.000e+10,2.752e+1,1.774e+1,9.294e-1,8.836e-4
skin_wet,3.100e+10,2.815e+1,1.729e+1,9.439e-1,8.546e-4
skin_wet,3.200e+10,2.876e+1,1.687e+1,9.578e-1,8.278e-4
skin_wet,3.300e+10,2.934e+1,1.646e+1,9.711e-1,8.030e-4
skin_wet,3.400e+10,2.990e+1,1.607e+1,9.838e-1,7.800e-4
skin_wet,3.500e+10,3.045e+1,1.570e+1,9.959e-1,7.586e-4
skin_wet,3.600e+10,3.097e+1,1.535e+1,1.008e+0,7.386e-4
skin_wet,3.700e+10,3.148e+1,1.501e+1,1.018e+0,7.200e-4
skin_wet,3.800e+10,3.196e+1,1.469e+1,1.029e+0,7.025e-4
skin_wet,3.900e+10,3.243e+1,1.439e+1,1.039e+0,6.861e-4
skin_wet,4.000e+10,3.289e+1,1.409e+1,1.049e+0,6.706e-4
skin_wet,4.100e+10,3.333e+1,1.381e+1,1.058e+0,6.561e-4
skin_wet,4.200e+10,3.375e+1,1.355e+1,1.066e+0,6.423e-4
skin_wet,4.300e+10,3.416e+1,1.329e+1,1.075e+0,6.293e-4
skin_wet,4.400e+10,3.456e+1,1.304e+1,1.082e+0,6.171e-4
skin_wet,4.500e+10,3.494e+1,1.281e+1,1.089e+0,6.054e-4
skin_wet,4.600e+10,3.531e+1,1.259e+1,1.097e+0,5.944e-4
skin_wet,4.700e+10,3.567e+1,1.237e+1,1.103e+0,5.838e-4
skin_wet,4.800e+10,3.602e+1,1.216e+1,1.109e+0,5.738e-4
skin_wet,4.900e+10,3.636e+1,1.196e+1,1.115e+0,5.643e-4
skin_wet,5.000e+10,3.669e+1,1.177e+1,1.121e+0,5.552e-4
skin_wet,5.100e+10,3.701e+1,1.159e+1,1.126e+0,5.465e-4
skin_wet,5.200e+10,3.732e+1,1.141e+1,1.131e+0,5.382e-4
skin_wet,5.300e+10,3.763e+1,1.124e+1,1.135e+0,5.303e-4
skin_wet,5.400e+10,3.792e+1,1.108e+1,1.139e+0,5.227e-4
skin_wet,5.500e+10,3.820e+1,1.092e+1,1.143e+0,5.154e-4
skin_wet,5.600e+10,3.848e+1,1.077e+1,1.147e+0,5.084e-4
skin_wet,5.700e+10,3.875e+1,1.062e+1,1.150e+0,5.017e-4
skin_wet,5.800e+10,3.901e+1,1.048e+1,1.153e+0,4.952e-4
skin_wet,5.900e+10,3.927e+1,1.035e+1,1.156e+0,4.890e-4
skin_wet,6.000e+10,3.952e+1,1.022e+1,1.159e+0,4.830e-4
skin_wet,6.100e+10,3.976e+1,1.009e+1,1.161e+0,4.772e-4
skin_wet,6.200e+10,4.000e+1,9.967e+0,1.164e+0,4.716e-4
skin_wet,6.300e+10,4.023e+1,9.848e+0,1.165e+0,4.663e-4
skin_wet,6.400e+10,4.046e+1,9.734e+0,1.167e+0,4.611e-4
skin_wet,6.500e+10,4.068e+1,9.624e+0,1.169e+0,4.561e-4
skin_wet,6.600e+10,4.089e+1,9.517e+0,1.170e+0,4.513e-4
skin_wet,6.700e+10,4.110e+1,9.413e+0,1.171e+0,4.466e-4
skin_wet,6.800e+10,4.131e+1,9.313e+0,1.173e+0,4.421e-4
skin_wet,6.900e+10,4.151e+1,9.216e+0,1.173e+0,4.377e-4
skin_wet,7.000e+10,4.171e+1,9.121e+0,1.174e+0,4.334e-4
skin_wet,7.100e+10,4.190e+1,9.030e+0,1.175e+0,4.293e-4
skin_wet,7.200e+10,4.209e+1,8.942e+0,1.175e+0,4.253e-4
skin_wet,7.300e+10,4.227e+1,8.856e+0,1.175e+0,4.215e-4
skin_wet,7.400e+10,4.245e+1,8.772e+0,1.175e+0,4.177e-4
skin_wet,7.500e+10,4.263e+1,8.692e+0,1.175e+0,4.140e-4
skin_wet,7.600e+10,4.280e+1,8.613e+0,1.175e+0,4.105e-4
skin_wet,7.700e+10,4.297e+1,8.537e+0,1.175e+0,4.070e-4
skin_wet,7.800e+10,4.313e+1,8.463e+0,1.175e+0,4.037e-4
skin_wet,7.900e+10,4.330e+1,8.391e+0,1.174e+0,4.004e-4
skin_wet,8.000e+10,4.346e+1,8.321e+0,1.173e+0,3.973e-4
skin_wet,8.100e+10,4.361e+1,8.252e+0,1.173e+0,3.942e-4
skin_wet,8.200e+10,4.377e+1,8.186e+0,1.172e+0,3.912e-4
skin_wet,8.300e+10,4.392e+1,8.122e+0,1.171e+0,3.882e-4
skin_wet,8.400e+10,4.407e+1,8.059e+0,1.170e+0,3.854e-4
skin_wet,8.500e+10,4.421e+1,7.998e+0,1.169e+0,3.826e-4
skin_wet,8.600e+10,4.435e+1,7.939e+0,1.168e+0,3.798e-4
skin_wet,8.700e+10,4.449e+1,7.881e+0,1.167e+0,3.772e-4
skin_wet,8.800e+10,4.463e+1,7.824e+0,1.165e+0,3.746e-4
skin_wet,8.900e+10,4.477e+1,7.769e+0,1.164e+0,3.721e-4
skin_wet,9.000e+10,4.490e+1,7.715e+0,1.162e+0,3.696e-4
skin_wet,9.100e+10,4.503e+1,7.663e+0,1.161e+0,3.672e-4
skin_wet,9.200e+10,4.516e+1,7.612e+0,1.159e+0,3.648e-4
skin_wet,9.300e+10,4.529e+1,7.562e+0,1.157e+0,3.626e-4
skin_wet,9.400e+10,4.541e+1,7.514e+0,1.156e+0,3.603e-4
skin_wet,9.500e+10,4.553e+1,7.466e+0,1.154e+0,3.581e-4
skin_wet,9.600e+10,4.565e+1,7.420e+0,1.152e+0,3.559e-4
skin_wet,9.700e+10,4.577e+1,7.375e+0,1.150e+0,3.538e-4
skin_wet,9.800e+10,4.589e+1,7.331e+0,1.148e+0,3.518e-4
skin_wet,9.900e+10,4.600e+1,7.287e+0,1.146e+0,3.498e-4
skin_wet,1.000e+11,4.612e+1,7.245e+0,1.144e+0,3.478e-4